sampid,y03a128,y03a129,y03a141,y03a143,y03a149,y03a195a,y01d302,y01c101a,y01c106z,y01d421,avg_worked_before,school_life_satisfaction_avg,gender_2,w03edu_3.0,y03a122_8.0,y03a122_1.0,y03a122_9.0,y03a122_11.0,y03a122_10.0,y03a122_4.0,y03a122_17.0,y03a122_2.0,y03a122_12.0,y03a122_97.0,y03a122_7.0,y03a122_3.0,y03a122_15.0,y03a122_6.0,y03a122_14.0,y03a122_5.0,y03a122_13.0,y03a123_2.0,y03a123_1.0,y03a123_4.0,y03a123_7.0,y03a123_3.0,y03a123_6.0,y03a124_5.0,y03a124_7.0,y03a124_2.0,y03a124_4.0,y03a124_1.0,y03a124_6.0,y03a201_2.0,y03a202_2.0,y03a203_2.0,y03a204_2.0,y03a205_2.0,y03a206_2.0,y03a207_1.0,y03a208_2.0,y03a209_2.0,y03a210_2.0,y03a211_2.0,y03a212_2.0,y03a213_2.0,y03a214_2.0
100158,4.0,4.0,2.0,,,,1248.0,1,5.0,0,0.0,4.0,1,1,1,0,0,0,0,0,0,0,0,0,0,0,0,0,0,0,0,1,0,0,0,0,0,1,0,0,0,0,0,1,1,1,1,1,1,1,1,1,1,1,1,1,1
100196,4.0,4.0,3.0,600.0,,2.0,0.0,0,,1,0.0,4.142857142857143,1,1,0,1,0,0,0,0,0,0,0,0,0,0,0,0,0,0,0,1,0,0,0,0,0,0,1,0,0,0,0,1,1,1,1,1,0,1,1,1,1,1,1,1,1
100203,4.0,4.0,2.0,400.0,,3.0,0.0,0,,0,0.0,4.285714285714286,1,0,0,1,0,0,0,0,0,0,0,0,0,0,0,0,0,0,0,0,1,0,0,0,0,0,0,1,0,0,0,1,1,1,1,1,0,1,1,1,1,1,1,1,1
100211,4.0,4.0,2.0,500.0,,3.0,0.0,0,,0,0.0,3.857142857142857,1,0,1,0,0,0,0,0,0,0,0,0,0,0,0,0,0,0,0,0,1,0,0,0,0,0,1,0,0,0,0,1,1,1,1,1,1,0,1,1,0,1,1,1,1
100218,4.0,4.0,2.0,600.0,2.0,,0.0,0,,0,0.0,4.142857142857143,0,0,0,0,1,0,0,0,0,0,0,0,0,0,0,0,0,0,0,0,1,0,0,0,0,0,0,1,0,0,0,1,0,0,1,1,1,0,0,1,1,1,1,1,1
100243,4.0,5.0,1.0,,1.0,7.0,0.0,0,,0,0.0,3.5714285714285716,0,0,0,1,0,0,0,0,0,0,0,0,0,0,0,0,0,0,0,0,1,0,0,0,0,0,0,1,0,0,0,1,1,0,1,1,0,1,0,0,0,1,1,1,1
100333,4.0,4.0,1.0,500.0,,,0.0,0,,0,2.0,3.5714285714285716,0,0,1,0,0,0,0,0,0,0,0,0,0,0,0,0,0,0,0,0,1,0,0,0,0,0,0,0,1,0,0,1,1,1,1,1,1,0,1,1,0,1,1,1,1
100347,5.0,4.0,2.0,,,4.0,0.0,0,,0,0.0,4.0,1,0,0,1,0,0,0,0,0,0,0,0,0,0,0,0,0,0,0,0,1,0,0,0,0,0,0,1,0,0,0,1,0,1,1,1,1,1,0,1,0,1,1,1,1
100375,4.0,5.0,2.0,,,10.0,0.0,0,,0,0.0,4.142857142857143,1,0,0,1,0,0,0,0,0,0,0,0,0,0,0,0,0,0,0,0,1,0,0,0,0,0,0,0,0,1,0,1,1,1,1,1,1,0,0,1,1,1,1,1,1
100386,4.0,5.0,1.0,800.0,,11.0,0.0,0,,0,0.0,3.7142857142857144,1,0,0,1,0,0,0,0,0,0,0,0,0,0,0,0,0,0,0,0,1,0,0,0,0,0,0,0,0,0,1,1,0,1,1,1,1,0,0,1,1,1,1,1,0
100470,4.0,5.0,2.0,,,3.0,1150.0,1,6.0,0,2.0,4.428571428571429,1,0,0,1,0,0,0,0,0,0,0,0,0,0,0,0,0,0,0,0,1,0,0,0,0,0,0,0,0,1,0,1,1,1,1,1,1,0,1,1,0,1,1,1,1
100513,5.0,4.0,2.0,,4.0,3.0,0.0,0,,1,0.0,4.428571428571429,0,0,0,1,0,0,0,0,0,0,0,0,0,0,0,0,0,0,0,0,1,0,0,0,0,0,0,0,0,1,0,1,1,1,1,1,1,0,1,1,1,1,1,0,0
100516,4.0,5.0,1.0,,,3.0,0.0,0,,1,2.0,3.4285714285714284,1,0,0,1,0,0,0,0,0,0,0,0,0,0,0,0,0,0,0,0,1,0,0,0,0,0,0,0,0,1,0,1,1,0,1,1,1,0,1,1,1,1,1,1,1
100543,3.0,4.0,1.0,,,1.0,0.0,0,,0,5.5,3.5714285714285716,1,1,0,1,0,0,0,0,0,0,0,0,0,0,0,0,0,0,0,1,0,0,0,0,0,0,0,0,1,0,0,0,1,0,1,1,0,1,1,1,0,1,1,1,1
100550,5.0,4.0,1.0,,2.0,6.0,0.0,0,,0,0.0,4.571428571428571,1,0,0,1,0,0,0,0,0,0,0,0,0,0,0,0,0,0,0,0,1,0,0,0,0,0,0,1,0,0,0,0,0,0,0,1,0,1,1,1,0,0,1,1,0
100605,4.0,3.0,2.0,,2.0,2.0,0.0,0,,0,0.0,3.0,1,0,0,1,0,0,0,0,0,0,0,0,0,0,0,0,0,0,0,0,1,0,0,0,0,0,0,0,0,1,0,0,0,0,0,1,1,0,1,1,1,1,1,1,1
100646,4.0,4.0,2.0,,,3.0,0.0,0,,0,0.0,3.5714285714285716,1,0,0,1,0,0,0,0,0,0,0,0,0,0,0,0,0,0,0,0,1,0,0,0,0,0,0,1,0,0,0,0,0,1,1,1,1,0,1,1,1,1,1,1,1
100774,4.0,5.0,1.0,1500.0,,2.0,0.0,0,,0,0.0,3.857142857142857,1,0,0,1,0,0,0,0,0,0,0,0,0,0,0,0,0,0,0,0,1,0,0,0,0,1,0,0,0,0,0,0,1,1,1,1,1,1,1,1,0,1,1,0,0
100787,4.0,4.0,1.0,400.0,,4.0,0.0,0,,0,2.0,3.2857142857142856,1,0,0,1,0,0,0,0,0,0,0,0,0,0,0,0,0,0,0,0,1,0,0,0,0,0,0,0,0,0,1,1,0,0,1,1,1,0,1,1,1,1,1,1,1
100837,5.0,5.0,1.0,,4.0,12.0,0.0,0,,0,2.0,5.0,0,0,0,0,0,1,0,0,0,0,0,0,0,0,0,0,0,0,0,0,1,0,0,0,0,0,0,0,1,0,0,1,0,0,0,1,1,0,1,1,1,1,1,1,1
100841,4.0,4.0,2.0,200.0,2.0,,0.0,1,5.0,1,8.0,3.5714285714285716,0,0,0,1,0,0,0,0,0,0,0,0,0,0,0,0,0,0,0,0,1,0,0,0,0,0,0,0,0,0,0,1,1,1,1,1,0,1,1,1,1,1,1,1,1
100883,4.0,5.0,2.0,900.0,4.0,8.0,840.0,1,6.0,0,0.0,3.857142857142857,1,0,0,1,0,0,0,0,0,0,0,0,0,0,0,0,0,0,0,0,1,0,0,0,0,0,1,0,0,0,0,1,1,1,1,1,0,0,1,1,0,1,1,1,1
100889,4.0,4.0,2.0,,4.0,7.0,0.0,0,,0,0.0,3.5714285714285716,0,1,0,1,0,0,0,0,0,0,0,0,0,0,0,0,0,0,0,1,0,0,0,0,0,0,1,0,0,0,0,1,1,1,1,1,0,0,1,1,1,1,1,1,1
100960,4.0,4.0,1.0,,4.0,,0.0,0,,1,0.0,3.5714285714285716,1,0,1,0,0,0,0,0,0,0,0,0,0,0,0,0,0,0,0,0,1,0,0,0,0,0,0,0,1,0,0,0,1,1,1,1,0,0,0,1,1,1,1,1,1
100999,4.0,4.0,2.0,,4.0,10.0,600.0,1,2.0,0,0.0,3.5714285714285716,0,0,0,1,0,0,0,0,0,0,0,0,0,0,0,0,0,0,0,0,1,0,0,0,0,0,0,0,0,0,0,1,1,1,1,1,1,0,1,1,1,1,1,1,1
101010,4.0,3.0,2.0,,4.0,12.0,0.0,0,,0,0.0,3.142857142857143,0,0,1,0,0,0,0,0,0,0,0,0,0,0,0,0,0,0,0,0,1,0,0,0,0,0,0,0,0,1,0,1,1,1,1,1,1,0,1,1,1,1,1,1,1
101024,3.0,4.0,2.0,,2.0,4.0,0.0,0,,0,0.0,3.142857142857143,0,1,1,0,0,0,0,0,0,0,0,0,0,0,0,0,0,0,0,1,0,0,0,0,0,0,0,0,1,0,0,1,1,1,1,1,1,0,1,1,1,1,1,1,1
101045,4.0,4.0,2.0,,,3.0,0.0,0,,0,0.0,3.142857142857143,1,0,0,1,0,0,0,0,0,0,0,0,0,0,0,0,0,0,0,0,1,0,0,0,0,0,1,0,0,0,0,1,1,1,1,1,1,0,1,1,1,1,1,1,1
101051,4.0,4.0,1.0,,4.0,3.0,0.0,0,,0,0.0,3.7142857142857144,0,0,0,0,1,0,0,0,0,0,0,0,0,0,0,0,0,0,0,0,1,0,0,0,0,0,0,0,0,0,0,1,1,1,1,1,1,0,1,1,1,1,1,1,1
101053,3.0,4.0,2.0,,,3.0,0.0,0,,0,8.0,3.0,1,1,1,0,0,0,0,0,0,0,0,0,0,0,0,0,0,0,0,1,0,0,0,0,0,0,0,1,0,0,0,0,1,1,1,1,1,0,1,1,1,1,1,1,1
101065,4.0,4.0,2.0,,4.0,3.0,1800.0,1,1.0,0,0.0,3.7142857142857144,0,0,0,1,0,0,0,0,0,0,0,0,0,0,0,0,0,0,0,0,1,0,0,0,0,0,0,0,1,0,0,0,0,1,1,1,1,0,1,1,1,1,1,1,1
101084,4.0,4.0,2.0,,,4.0,0.0,0,,1,0.0,3.4285714285714284,1,0,0,1,0,0,0,0,0,0,0,0,0,0,0,0,0,0,0,0,1,0,0,0,0,0,0,1,0,0,0,1,1,1,1,1,1,0,1,1,1,1,1,1,1
101111,4.0,4.0,3.0,,,10.0,0.0,0,,0,0.0,3.5714285714285716,0,0,0,1,0,0,0,0,0,0,0,0,0,0,0,0,0,0,0,0,1,0,0,0,0,0,0,1,0,0,0,0,0,0,1,1,1,0,1,1,1,1,1,1,1
101122,4.0,5.0,1.0,,,3.0,0.0,0,,0,0.0,3.857142857142857,1,0,1,0,0,0,0,0,0,0,0,0,0,0,0,0,0,0,0,0,1,0,0,0,0,1,0,0,0,0,0,1,1,1,1,1,1,0,1,1,1,1,1,1,1
101220,4.0,5.0,1.0,,,1.0,500.0,1,6.0,0,4.0,3.7142857142857144,1,1,1,0,0,0,0,0,0,0,0,0,0,0,0,0,0,0,0,1,0,0,0,0,0,0,0,0,0,0,1,0,1,1,1,1,1,1,0,1,0,1,1,0,1
101269,3.0,3.0,2.0,1000.0,,1.0,1800.0,1,5.0,0,0.0,3.0,1,0,0,1,0,0,0,0,0,0,0,0,0,0,0,0,0,0,0,0,1,0,0,0,0,0,1,0,0,0,0,1,1,1,1,1,1,1,1,1,1,0,1,1,1
101305,4.0,4.0,1.0,,4.0,,0.0,0,,0,0.0,4.0,0,0,1,0,0,0,0,0,0,0,0,0,0,0,0,0,0,0,0,0,1,0,0,0,0,0,0,0,1,0,0,1,1,1,1,1,1,0,1,1,0,1,1,1,1
101338,4.0,4.0,1.0,,,6.0,0.0,0,,0,0.0,4.0,0,0,0,1,0,0,0,0,0,0,0,0,0,0,0,0,0,0,0,0,1,0,0,0,0,0,0,0,1,0,0,0,1,1,1,1,1,0,1,1,1,0,1,1,1
101349,4.0,4.0,1.0,,,3.0,0.0,0,,0,0.0,4.0,0,0,0,1,0,0,0,0,0,0,0,0,0,0,0,0,0,0,0,0,1,0,0,0,0,0,0,0,0,0,0,0,0,0,1,1,1,0,1,1,1,1,1,1,1
101399,4.0,5.0,2.0,,,,0.0,0,,0,0.0,4.0,0,0,0,1,0,0,0,0,0,0,0,0,0,0,0,0,0,0,0,0,1,0,0,0,0,0,0,0,1,0,0,0,1,1,1,0,0,0,1,0,1,1,1,1,1
101402,3.0,5.0,2.0,,,8.0,0.0,0,,0,0.0,4.0,1,0,0,1,0,0,0,0,0,0,0,0,0,0,0,0,0,0,0,0,1,0,0,0,0,0,1,0,0,0,0,0,1,0,1,1,1,0,1,1,0,1,1,0,0
101410,3.0,4.0,2.0,,,12.0,0.0,0,,0,0.0,2.857142857142857,0,0,0,1,0,0,0,0,0,0,0,0,0,0,0,0,0,0,0,0,1,0,0,0,0,0,0,1,0,0,0,0,0,1,1,1,0,0,1,1,1,1,1,1,1
101435,4.0,5.0,2.0,50.0,,6.0,0.0,0,,0,0.0,3.857142857142857,1,0,0,1,0,0,0,0,0,0,0,0,0,0,0,0,0,0,0,0,1,0,0,0,0,0,0,1,0,0,0,0,0,0,1,1,1,1,1,1,1,1,1,1,1
101479,5.0,4.0,2.0,,,10.0,0.0,0,,0,0.0,4.285714285714286,0,0,0,1,0,0,0,0,0,0,0,0,0,0,0,0,0,0,0,0,1,0,0,0,0,0,0,0,1,0,0,1,0,1,1,1,1,0,1,1,1,1,1,1,1
101492,4.0,4.0,1.0,,,8.0,790.0,1,6.0,0,2.6666666666666665,3.7142857142857144,1,0,0,1,0,0,0,0,0,0,0,0,0,0,0,0,0,0,0,0,1,0,0,0,0,0,0,0,1,0,0,0,0,0,1,1,0,1,1,1,1,1,1,1,1
101528,4.0,4.0,2.0,,4.0,6.0,0.0,0,,0,4.0,3.0,0,0,0,1,0,0,0,0,0,0,0,0,0,0,0,0,0,0,0,0,1,0,0,0,0,0,0,0,1,0,0,0,0,1,1,0,0,1,1,1,1,1,1,1,1
101563,4.0,3.0,2.0,,6.0,,0.0,0,,0,0.0,3.2857142857142856,0,0,0,0,0,1,0,0,0,0,0,0,0,0,0,0,0,0,0,0,1,0,0,0,0,0,0,1,0,0,0,1,1,1,1,1,1,0,0,1,1,1,1,1,1
101568,4.0,4.0,1.0,,,1.0,0.0,0,,0,0.0,3.857142857142857,1,0,0,0,0,0,1,0,0,0,0,0,0,0,0,0,0,0,0,0,0,1,0,0,0,0,0,0,0,0,1,0,1,1,1,1,1,0,0,1,0,1,1,1,1
101594,3.0,4.0,2.0,,4.0,6.0,0.0,0,,0,0.0,3.142857142857143,0,0,0,0,0,1,0,0,0,0,0,0,0,0,0,0,0,0,0,0,1,0,0,0,0,0,0,0,1,0,0,0,1,1,1,1,1,1,1,1,1,1,1,1,1
101601,3.0,4.0,2.0,,,,0.0,0,,0,8.0,3.0,0,1,0,0,0,0,0,1,0,0,0,0,0,0,0,0,0,0,0,1,0,0,0,0,0,0,1,0,0,0,0,0,1,1,1,1,1,1,1,1,0,1,1,1,1
101632,4.0,4.0,1.0,,2.0,2.0,0.0,0,,0,0.0,3.7142857142857144,0,0,0,1,0,0,0,0,0,0,0,0,0,0,0,0,0,0,0,0,1,0,0,0,0,0,0,0,0,1,0,0,0,0,0,0,0,1,1,0,1,1,1,1,1
101660,4.0,4.0,2.0,,,6.0,0.0,0,,0,0.0,3.7142857142857144,0,1,1,0,0,0,0,0,0,0,0,0,0,0,0,0,0,0,0,1,0,0,0,0,0,0,0,0,1,0,0,0,1,1,1,1,1,0,1,1,1,1,1,1,1
101670,3.0,4.0,2.0,,5.0,2.0,0.0,0,,0,0.0,3.2857142857142856,0,0,0,1,0,0,0,0,0,0,0,0,0,0,0,0,0,0,0,0,1,0,0,0,0,0,0,0,0,1,0,1,1,1,1,1,1,0,1,1,0,1,1,1,1
101671,4.0,4.0,1.0,,,5.0,0.0,0,,0,0.0,3.142857142857143,1,1,0,0,0,0,0,1,0,0,0,0,0,0,0,0,0,0,0,1,0,0,0,0,0,0,1,0,0,0,0,0,1,1,1,1,1,0,1,1,1,1,1,1,1
101705,3.0,3.0,2.0,150.0,9.0,,0.0,0,,0,4.0,3.2857142857142856,0,0,1,0,0,0,0,0,0,0,0,0,0,0,0,0,0,0,0,0,1,0,0,0,0,0,0,1,0,0,0,1,1,1,1,1,1,0,1,1,1,1,1,1,1
101722,3.0,4.0,1.0,,,1.0,0.0,0,,0,2.0,3.2857142857142856,1,0,1,0,0,0,0,0,0,0,0,0,0,0,0,0,0,0,0,0,1,0,0,0,0,0,0,0,1,0,0,0,1,1,1,1,1,1,1,1,0,1,1,1,1
101732,3.0,4.0,2.0,,4.0,,0.0,0,,0,0.0,3.0,0,1,1,0,0,0,0,0,0,0,0,0,0,0,0,0,0,0,0,1,0,0,0,0,0,0,0,0,0,0,0,1,1,1,1,1,1,1,1,1,0,1,1,1,1
101771,3.0,3.0,2.0,500.0,8.0,3.0,0.0,0,,0,0.0,3.0,0,0,0,1,0,0,0,0,0,0,0,0,0,0,0,0,0,0,0,0,1,0,0,0,0,0,0,0,1,0,0,1,1,1,1,1,1,0,1,1,1,1,1,1,1
101781,3.0,3.0,2.0,,8.0,5.0,0.0,0,,0,0.0,3.0,0,0,1,0,0,0,0,0,0,0,0,0,0,0,0,0,0,0,0,0,1,0,0,0,0,0,0,1,0,0,0,1,1,0,1,1,0,1,1,1,1,1,1,1,1
101800,3.0,3.0,2.0,1500.0,,2.0,460.0,1,5.0,0,0.0,3.0,1,0,0,1,0,0,0,0,0,0,0,0,0,0,0,0,0,0,0,0,1,0,0,0,0,0,0,0,0,1,0,1,0,1,1,1,1,0,1,1,1,1,1,1,1
101801,4.0,5.0,2.0,,6.0,2.0,0.0,0,,0,0.0,3.5714285714285716,0,0,0,1,0,0,0,0,0,0,0,0,0,0,0,0,0,0,0,0,1,0,0,0,0,0,0,0,0,0,1,1,1,1,1,1,1,0,1,1,1,1,1,1,1
101802,4.0,4.0,2.0,1200.0,4.0,4.0,0.0,0,,1,0.0,4.0,0,0,0,1,0,0,0,0,0,0,0,0,0,0,0,0,0,0,0,0,1,0,0,0,0,0,0,1,0,0,0,0,0,0,1,1,0,1,1,1,1,1,1,1,1
101816,4.0,4.0,2.0,,6.0,1.0,0.0,0,,0,0.0,4.0,0,0,0,1,0,0,0,0,0,0,0,0,0,0,0,0,0,0,0,0,1,0,0,0,0,0,0,0,1,0,0,1,1,1,1,1,0,1,1,1,1,1,1,1,1
101848,4.0,4.0,1.0,,3.0,3.0,0.0,0,,1,2.0,4.285714285714286,0,0,0,1,0,0,0,0,0,0,0,0,0,0,0,0,0,0,0,0,1,0,0,0,0,0,0,1,0,0,0,0,0,0,0,0,0,1,1,1,1,1,1,0,0
101854,3.0,3.0,2.0,,4.0,,0.0,0,,1,1.3333333333333333,3.7142857142857144,0,0,0,1,0,0,0,0,0,0,0,0,0,0,0,0,0,0,0,0,1,0,0,0,0,0,0,0,1,0,0,1,0,0,1,1,1,0,1,1,1,1,1,1,1
101887,4.0,3.0,2.0,,2.0,12.0,0.0,0,,0,0.0,3.4285714285714284,0,1,0,0,0,0,0,0,1,0,0,0,0,0,0,0,0,0,0,1,0,0,0,0,0,0,1,0,0,0,0,1,1,1,1,1,1,1,1,1,1,1,1,1,1
101894,4.0,4.0,2.0,,,6.0,920.0,1,0.0,0,0.0,3.4285714285714284,1,0,0,1,0,0,0,0,0,0,0,0,0,0,0,0,0,0,0,0,1,0,0,0,0,0,0,0,0,1,0,1,0,1,1,1,0,0,1,1,1,1,1,1,1
101911,3.0,3.0,2.0,,,6.0,0.0,0,,0,0.0,3.0,0,1,0,1,0,0,0,0,0,0,0,0,0,0,0,0,0,0,0,1,0,0,0,0,0,0,1,0,0,0,0,1,1,1,0,1,1,0,1,1,1,1,1,0,0
101928,4.0,4.0,1.0,,,,0.0,0,,0,0.0,3.4285714285714284,1,0,1,0,0,0,0,0,0,0,0,0,0,0,0,0,0,0,0,0,1,0,0,0,0,0,0,0,0,1,0,0,0,0,1,1,0,1,0,1,1,1,1,1,1
102031,4.0,4.0,2.0,,4.0,2.0,0.0,0,,0,0.0,3.5714285714285716,0,0,0,1,0,0,0,0,0,0,0,0,0,0,0,0,0,0,0,0,1,0,0,0,0,0,0,1,0,0,0,1,0,0,1,1,1,0,1,1,1,1,1,1,1
102109,4.0,4.0,1.0,,,3.0,2200.0,1,5.0,0,2.0,3.5714285714285716,0,0,0,1,0,0,0,0,0,0,0,0,0,0,0,0,0,0,0,0,1,0,0,0,0,0,0,0,1,0,0,1,0,1,1,1,1,1,1,1,1,1,1,1,1
102121,4.0,4.0,2.0,,2.0,3.0,0.0,1,5.0,1,0.0,3.4285714285714284,0,0,0,1,0,0,0,0,0,0,0,0,0,0,0,0,0,0,0,0,1,0,0,0,0,0,0,0,1,0,0,1,0,1,1,1,0,0,1,1,1,1,1,1,1
102160,4.0,5.0,2.0,,,,0.0,0,,0,0.0,4.285714285714286,1,1,1,0,0,0,0,0,0,0,0,0,0,0,0,0,0,0,0,1,0,0,0,0,0,0,0,1,0,0,0,0,0,1,1,1,1,0,1,1,1,1,1,1,1
102259,4.0,5.0,2.0,,,3.0,0.0,0,,0,0.0,4.428571428571429,1,1,0,1,0,0,0,0,0,0,0,0,0,0,0,0,0,0,0,1,0,0,0,0,0,0,1,0,0,0,0,0,0,0,1,1,0,1,1,1,1,1,1,1,1
102270,4.0,4.0,1.0,1258.0,,12.0,0.0,0,,0,0.0,3.2857142857142856,1,0,0,1,0,0,0,0,0,0,0,0,0,0,0,0,0,0,0,0,1,0,0,0,0,0,0,1,0,0,0,0,0,1,1,1,1,1,1,1,1,1,1,1,1
102304,3.0,4.0,2.0,300.0,4.0,2.0,960.0,1,5.0,0,0.0,3.4285714285714284,0,1,0,1,0,0,0,0,0,0,0,0,0,0,0,0,0,0,0,1,0,0,0,0,0,0,0,0,1,0,0,1,1,1,1,1,1,1,1,1,1,1,1,1,1
102313,4.0,4.0,2.0,550.0,4.0,8.0,0.0,0,,0,0.0,4.0,0,1,0,0,0,1,0,0,0,0,0,0,0,0,0,0,0,0,0,0,0,0,1,0,0,0,0,0,0,0,0,1,1,1,1,1,1,0,1,1,1,1,1,1,1
102318,4.0,5.0,1.0,,4.0,,0.0,0,,0,0.0,4.142857142857143,0,0,0,0,0,0,0,0,0,1,0,0,0,0,0,0,0,0,0,0,1,0,0,0,0,0,0,0,1,0,0,0,0,0,1,1,0,1,1,1,1,1,1,1,1
102324,4.0,4.0,1.0,,4.0,,0.0,0,,0,0.0,3.857142857142857,0,0,0,0,0,0,0,0,0,0,1,0,0,0,0,0,0,0,0,0,1,0,0,0,0,1,0,0,0,0,0,0,0,0,1,0,1,1,1,1,1,1,1,1,1
102336,3.0,4.0,1.0,,4.0,3.0,0.0,0,,0,2.0,3.142857142857143,0,0,1,0,0,0,0,0,0,0,0,0,0,0,0,0,0,0,0,0,1,0,0,0,0,0,0,1,0,0,0,1,1,1,1,1,1,0,1,1,0,1,1,1,1
102345,4.0,4.0,1.0,,7.0,,0.0,0,,0,8.0,3.5714285714285716,1,0,0,1,0,0,0,0,0,0,0,0,0,0,0,0,0,0,0,0,1,0,0,0,0,0,0,1,0,0,0,0,0,0,1,1,1,0,1,1,1,1,1,1,0
102350,4.0,4.0,1.0,,2.0,,1120.0,1,0.0,0,0.0,3.7142857142857144,1,0,0,1,0,0,0,0,0,0,0,0,0,0,0,0,0,0,0,0,1,0,0,0,0,0,0,1,0,0,0,0,0,0,1,1,1,1,1,1,1,1,1,1,1
102411,3.0,4.0,2.0,,2.0,1.0,1200.0,1,5.0,0,8.0,3.142857142857143,1,1,1,0,0,0,0,0,0,0,0,0,0,0,0,0,0,0,0,1,0,0,0,0,0,0,0,1,0,0,0,1,1,1,1,1,1,0,1,1,1,1,1,1,1
102431,4.0,4.0,1.0,,,,0.0,0,,1,8.0,3.4285714285714284,1,0,0,1,0,0,0,0,0,0,0,0,0,0,0,0,0,0,0,0,1,0,0,0,0,0,0,0,1,0,0,0,0,0,1,1,1,0,1,1,1,1,1,1,1
102462,4.0,3.0,2.0,,,3.0,0.0,0,,0,0.0,3.7142857142857144,1,0,1,0,0,0,0,0,0,0,0,0,0,0,0,0,0,0,0,0,1,0,0,0,0,0,0,1,0,0,0,1,1,1,1,1,1,0,0,1,1,1,1,1,1
102488,4.0,4.0,1.0,,,6.0,0.0,0,,0,0.0,3.5714285714285716,1,0,0,0,0,0,0,0,0,1,0,0,0,0,0,0,0,0,0,0,1,0,0,0,0,0,0,0,1,0,0,0,0,1,1,1,1,1,1,1,1,1,1,1,1
102533,4.0,4.0,1.0,,4.0,6.0,0.0,0,,0,0.0,4.0,0,0,0,0,0,0,0,0,0,1,0,0,0,0,0,0,0,0,0,0,1,0,0,0,0,0,0,0,0,0,0,0,0,0,1,1,1,0,1,1,1,1,1,1,1
102538,4.0,4.0,2.0,,,10.0,0.0,0,,0,0.0,3.857142857142857,0,1,0,0,0,0,0,0,0,1,0,0,0,0,0,0,0,0,0,1,0,0,0,0,0,0,0,0,0,0,0,1,1,1,1,1,1,0,1,1,1,1,1,1,1
102573,3.0,3.0,2.0,,8.0,3.0,0.0,0,,0,8.0,3.142857142857143,0,0,0,0,0,0,0,0,0,1,0,0,0,0,0,0,0,0,0,0,1,0,0,0,0,0,0,1,0,0,0,1,0,0,1,1,1,0,0,1,1,1,1,1,1
102574,4.0,4.0,1.0,,4.0,6.0,0.0,0,,0,0.0,3.857142857142857,0,0,0,0,0,0,0,0,0,1,0,0,0,0,0,0,0,0,0,0,1,0,0,0,0,0,0,0,1,0,0,1,0,0,1,1,1,0,1,1,1,1,1,1,1
102592,4.0,5.0,1.0,,,2.0,0.0,0,,0,0.0,4.142857142857143,0,0,0,0,0,0,0,0,0,0,0,1,0,0,0,0,0,0,0,0,1,0,0,0,0,0,0,1,0,0,0,1,0,0,0,1,0,1,1,1,1,0,1,1,1
102678,4.0,4.0,2.0,500.0,,7.0,0.0,0,,0,1.0,3.5714285714285716,0,0,0,0,0,0,0,0,0,1,0,0,0,0,0,0,0,0,0,0,1,0,0,0,0,0,1,0,0,0,0,1,1,1,1,1,1,0,1,1,0,1,1,1,1
102695,4.0,4.0,2.0,,,3.0,0.0,0,,0,0.0,3.7142857142857144,0,0,0,0,0,0,0,0,0,1,0,0,0,0,0,0,0,0,0,0,1,0,0,0,0,0,0,0,1,0,0,0,1,1,1,1,1,0,1,1,1,1,1,1,1
102739,3.0,3.0,2.0,,,6.0,0.0,0,,0,0.0,3.0,1,0,0,0,0,0,0,0,0,1,0,0,0,0,0,0,0,0,0,0,1,0,0,0,0,1,0,0,0,0,0,0,1,1,1,1,1,0,1,1,1,1,1,1,1
102743,4.0,4.0,1.0,10.0,,1.0,0.0,0,,0,0.0,4.0,0,0,0,0,0,0,0,0,0,1,0,0,0,0,0,0,0,0,0,0,1,0,0,0,0,0,0,0,1,0,0,1,1,1,1,1,1,1,1,1,1,1,1,1,1
102757,3.0,4.0,2.0,,,2.0,0.0,0,,0,0.0,3.4285714285714284,0,0,0,0,0,0,0,0,0,1,0,0,0,0,0,0,0,0,0,0,1,0,0,0,0,0,0,0,0,1,0,0,0,0,1,1,0,1,1,1,1,1,1,0,1
102759,4.0,5.0,2.0,,,,480.0,1,5.0,0,0.0,4.142857142857143,1,0,0,0,0,0,0,0,0,1,0,0,0,0,0,0,0,0,0,0,1,0,0,0,0,0,0,0,1,0,0,1,1,1,1,1,1,0,0,1,1,1,1,1,1
102767,4.0,4.0,1.0,,,3.0,0.0,0,,0,0.0,4.0,0,0,0,0,0,0,0,0,0,1,0,0,0,0,0,0,0,0,0,0,1,0,0,0,0,0,0,0,1,0,0,0,1,1,1,1,0,1,1,1,1,1,1,1,1
102833,4.0,5.0,2.0,1000.0,,10.0,510.0,1,4.0,0,0.0,3.7142857142857144,0,0,1,0,0,0,0,0,0,0,0,0,0,0,0,0,0,0,0,0,1,0,0,0,0,0,1,0,0,0,0,1,1,1,1,1,1,0,1,1,1,1,1,1,1
102836,4.0,5.0,2.0,,,3.0,0.0,0,,0,0.0,3.7142857142857144,1,1,0,0,0,0,0,0,0,1,0,0,0,0,0,0,0,0,0,1,0,0,0,0,0,0,1,0,0,0,0,1,1,1,1,1,1,0,1,1,1,1,1,1,1
102900,4.0,4.0,2.0,,,,490.0,1,5.0,0,0.0,4.285714285714286,1,0,0,0,0,0,0,0,0,1,0,0,0,0,0,0,0,0,0,0,1,0,0,0,0,0,0,0,0,0,1,1,1,1,1,1,1,0,0,1,1,1,1,1,1
102920,3.0,3.0,2.0,,4.0,7.0,0.0,0,,0,2.0,2.857142857142857,0,0,0,0,0,0,0,0,0,1,0,0,0,0,0,0,0,0,0,0,1,0,0,0,0,0,0,0,1,0,0,0,1,1,1,1,1,1,1,1,1,1,1,1,1
102938,4.0,4.0,2.0,,1.0,6.0,0.0,0,,0,0.0,4.0,1,1,0,0,0,0,0,0,0,1,0,0,0,0,0,0,0,0,0,1,0,0,0,0,0,0,0,0,0,0,0,1,1,1,1,1,1,0,1,1,1,1,1,1,1
102958,3.0,4.0,2.0,500.0,,2.0,0.0,0,,0,0.0,3.5714285714285716,1,1,0,0,0,0,0,0,0,1,0,0,0,0,0,0,0,0,0,1,0,0,0,0,0,1,0,0,0,0,0,0,1,1,1,1,1,0,1,1,0,1,1,1,1
102964,3.0,4.0,3.0,500.0,,8.0,0.0,1,5.0,0,1.3333333333333333,3.4285714285714284,0,1,0,0,0,0,0,0,0,1,0,0,0,0,0,0,0,0,0,1,0,0,0,0,0,0,0,0,1,0,0,1,0,1,1,1,1,1,1,1,1,1,1,1,1
103044,4.0,3.0,2.0,,,3.0,0.0,1,5.0,1,0.0,3.857142857142857,0,1,0,0,0,0,0,0,0,1,0,0,0,0,0,0,0,0,0,1,0,0,0,0,0,0,0,1,0,0,0,1,1,1,1,1,0,1,1,1,1,1,1,0,1
103079,4.0,4.0,2.0,,,6.0,0.0,0,,0,0.0,3.7142857142857144,0,0,0,0,0,0,0,0,0,1,0,0,0,0,0,0,0,0,0,0,1,0,0,0,0,0,0,1,0,0,0,1,1,1,1,1,1,0,0,1,1,1,1,1,1
103080,4.0,5.0,3.0,,2.0,12.0,0.0,0,,0,0.0,3.857142857142857,0,0,0,0,0,0,0,0,0,0,0,0,1,0,0,0,0,0,0,0,1,0,0,0,0,0,0,0,1,0,0,1,1,1,1,1,1,0,1,1,1,1,1,1,1
103102,4.0,4.0,1.0,,,2.0,0.0,1,8.0,1,0.0,4.142857142857143,0,1,0,0,0,0,0,0,0,1,0,0,0,0,0,0,0,0,0,1,0,0,0,0,0,0,0,0,1,0,0,0,1,1,1,1,0,0,1,1,1,1,1,1,1
103109,4.0,4.0,2.0,,,6.0,0.0,0,,0,0.0,3.7142857142857144,0,0,0,0,0,0,0,0,0,1,0,0,0,0,0,0,0,0,0,0,1,0,0,0,0,0,0,1,0,0,0,1,1,1,1,1,1,1,1,1,1,1,1,1,1
103131,4.0,4.0,2.0,,,5.0,0.0,0,,0,0.0,4.285714285714286,0,1,0,0,0,0,0,0,0,0,0,0,0,1,0,0,0,0,0,1,0,0,0,0,0,0,0,0,0,0,1,0,1,1,1,1,1,1,1,1,0,1,1,0,1
103136,3.0,3.0,1.0,,4.0,6.0,0.0,0,,0,0.0,3.7142857142857144,0,0,0,0,0,0,0,0,0,0,0,0,0,0,1,0,0,0,0,0,1,0,0,0,0,0,0,1,0,0,0,1,0,0,0,1,0,0,1,1,1,1,1,1,1
103167,4.0,4.0,2.0,,,6.0,0.0,0,,0,0.0,4.0,1,0,0,0,0,0,0,0,0,1,0,0,0,0,0,0,0,0,0,0,1,0,0,0,0,0,0,1,0,0,0,1,1,1,1,1,1,1,1,1,1,1,1,1,1
103210,4.0,4.0,2.0,,,1.0,0.0,0,,0,0.0,3.7142857142857144,1,1,0,0,0,0,0,0,0,1,0,0,0,0,0,0,0,0,0,1,0,0,0,0,0,1,0,0,0,0,0,0,1,1,1,1,1,1,1,1,1,1,1,1,1
103235,4.0,4.0,2.0,,,,0.0,0,,0,0.0,4.428571428571429,1,0,0,0,0,0,0,0,0,1,0,0,0,0,0,0,0,0,0,0,1,0,0,0,0,0,0,1,0,0,0,1,1,1,1,1,1,0,0,1,1,1,1,1,1
103269,4.0,5.0,2.0,,,3.0,0.0,0,,0,0.0,4.142857142857143,1,0,0,0,0,0,0,0,0,0,0,0,0,1,0,0,0,0,0,0,1,0,0,0,0,0,0,1,0,0,0,1,1,1,1,1,1,0,1,1,0,1,1,1,1
103303,4.0,4.0,1.0,,6.0,6.0,0.0,0,,0,0.0,3.5714285714285716,0,0,0,0,0,0,0,0,0,0,0,0,0,0,0,1,0,0,0,0,1,0,0,0,0,0,1,0,0,0,0,0,0,0,1,1,1,0,1,1,1,1,1,1,1
103314,3.0,3.0,2.0,,6.0,3.0,0.0,0,,0,0.0,2.5714285714285716,0,0,0,0,0,0,0,0,0,0,0,0,0,0,0,0,1,0,0,0,1,0,0,0,0,0,0,0,1,0,0,0,0,1,1,1,0,1,1,1,1,1,1,1,1
103327,3.0,4.0,2.0,1500.0,,7.0,0.0,0,,0,2.0,3.142857142857143,0,0,0,0,0,0,0,0,0,0,0,0,0,0,0,0,1,0,0,0,1,0,0,0,0,0,0,0,1,0,0,1,1,1,1,1,1,0,1,1,1,1,1,1,1
103354,4.0,4.0,2.0,100.0,4.0,2.0,2400.0,1,5.0,0,2.0,4.142857142857143,0,0,0,0,1,0,0,0,0,0,0,0,0,0,0,0,0,0,0,0,1,0,0,0,0,0,0,0,0,0,0,0,0,0,1,1,0,1,1,1,1,1,1,1,1
103399,3.0,3.0,2.0,600.0,,,0.0,0,,1,8.0,3.2857142857142856,1,0,0,0,0,0,0,0,0,0,0,0,0,0,0,0,1,0,0,0,1,0,0,0,0,0,0,0,0,1,0,1,1,1,1,1,0,0,1,1,1,1,1,1,1
103413,3.0,3.0,2.0,800.0,4.0,,0.0,0,,0,0.0,2.857142857142857,0,0,0,0,0,0,0,0,0,0,0,0,0,0,0,0,1,0,0,0,1,0,0,0,0,0,0,0,1,0,0,1,1,1,1,1,1,0,0,1,1,1,1,1,1
103448,4.0,4.0,1.0,,2.0,4.0,999.0,1,6.0,0,8.0,3.4285714285714284,0,0,0,0,0,0,0,0,0,0,0,0,0,0,0,0,1,0,0,0,1,0,0,0,0,0,0,0,1,0,0,0,0,0,1,1,0,1,1,1,0,1,1,1,0
103459,2.0,3.0,1.0,,,6.0,0.0,0,,0,0.0,3.142857142857143,0,0,0,0,0,0,0,0,0,0,0,0,0,1,0,0,0,0,0,0,1,0,0,0,0,0,0,0,0,0,0,0,1,0,1,1,1,1,1,1,0,0,1,0,1
103465,4.0,5.0,2.0,,,3.0,0.0,0,,0,0.0,4.0,0,0,0,0,0,0,0,0,0,0,0,0,0,1,0,0,0,0,0,0,1,0,0,0,0,0,0,0,1,0,0,1,1,1,1,1,1,0,1,1,1,1,1,1,1
103472,4.0,3.0,1.0,,,5.0,0.0,0,,1,0.0,3.2857142857142856,0,0,0,0,0,0,0,0,0,0,0,0,0,1,0,0,0,0,0,0,1,0,0,0,0,0,0,0,0,0,0,0,0,0,0,1,1,1,1,1,1,1,1,1,1
103481,4.0,4.0,2.0,1400.0,,3.0,0.0,0,,1,0.0,3.857142857142857,1,0,0,0,0,0,0,0,0,0,0,0,0,1,0,0,0,0,0,0,1,0,0,0,0,0,0,0,0,0,1,1,1,1,1,1,1,0,1,1,1,1,1,1,1
103486,4.0,4.0,2.0,300.0,,3.0,0.0,0,,0,0.0,4.142857142857143,0,1,0,0,0,0,0,0,0,0,0,0,0,1,0,0,0,0,0,1,0,0,0,0,0,0,0,0,1,0,0,0,1,1,1,1,1,1,1,1,1,1,1,1,1
103563,3.0,3.0,1.0,,4.0,,0.0,0,,1,0.0,2.857142857142857,0,0,0,0,0,0,0,0,0,0,0,0,0,0,0,0,1,0,0,0,1,0,0,0,0,0,0,0,0,1,0,0,1,1,1,1,0,1,1,1,1,1,1,1,1
103614,4.0,4.0,2.0,,2.0,1.0,720.0,1,5.0,0,0.0,3.5714285714285716,1,1,0,0,0,0,0,0,0,0,0,0,0,1,0,0,0,0,0,1,0,0,0,0,0,0,1,0,0,0,0,1,1,1,1,1,1,1,1,1,0,1,1,1,1
103619,4.0,4.0,2.0,,2.0,2.0,0.0,0,,1,0.0,3.142857142857143,1,0,0,0,0,0,0,0,0,0,0,0,0,1,0,0,0,0,0,0,1,0,0,0,0,0,0,0,0,1,0,0,0,0,1,1,1,0,0,1,1,1,1,1,1
103666,3.0,4.0,2.0,,,1.0,0.0,1,5.0,1,0.0,3.142857142857143,1,1,0,0,0,0,0,0,0,0,0,1,0,0,0,0,0,0,0,1,0,0,0,0,0,0,0,1,0,0,0,1,0,0,1,1,0,1,1,1,0,1,0,1,1
103692,4.0,3.0,2.0,,,3.0,2000.0,1,4.0,0,0.0,3.4285714285714284,0,0,0,0,0,0,0,0,1,0,0,0,0,0,0,0,0,0,0,0,1,0,0,0,0,0,1,0,0,0,0,1,1,1,1,1,1,1,1,1,1,1,1,1,1
103696,4.0,4.0,2.0,,3.0,4.0,0.0,0,,0,0.0,3.4285714285714284,0,0,0,0,0,0,0,0,0,0,0,0,0,1,0,0,0,0,0,0,1,0,0,0,0,0,0,1,0,0,0,1,1,1,1,1,1,0,1,1,1,1,1,1,1
103700,4.0,4.0,2.0,380.0,4.0,3.0,1700.0,1,5.0,0,0.0,3.4285714285714284,0,0,0,0,0,0,0,0,0,0,0,0,0,1,0,0,0,0,0,0,1,0,0,0,0,0,0,0,1,0,0,0,0,1,1,1,1,0,1,1,1,0,1,1,1
103714,4.0,4.0,2.0,,,1.0,0.0,0,,1,8.0,3.7142857142857144,1,1,0,0,0,0,0,0,0,0,0,0,0,1,0,0,0,0,0,1,0,0,0,0,0,0,0,1,0,0,0,1,1,1,1,1,1,1,1,1,1,1,1,1,1
103748,2.0,2.0,2.0,,,4.0,0.0,0,,0,0.0,2.2857142857142856,0,0,0,0,0,0,0,0,0,0,0,0,0,1,0,0,0,0,0,0,1,0,0,0,0,0,0,0,1,0,0,1,1,1,1,1,1,0,1,1,1,1,1,1,1
103780,4.0,3.0,2.0,,,2.0,0.0,0,,0,0.0,3.7142857142857144,1,0,0,0,0,0,0,0,0,0,0,0,0,0,0,0,1,0,0,0,1,0,0,0,0,1,0,0,0,0,0,1,1,1,1,1,1,0,1,1,0,1,1,0,0
103797,4.0,4.0,2.0,,,,0.0,0,,0,0.0,3.4285714285714284,1,0,1,0,0,0,0,0,0,0,0,0,0,0,0,0,0,0,0,0,1,0,0,0,0,0,0,1,0,0,0,0,1,0,1,1,0,1,1,1,0,1,0,0,1
103820,4.0,3.0,2.0,,,2.0,0.0,0,,1,0.0,3.142857142857143,0,1,0,0,0,0,0,0,0,0,0,0,0,1,0,0,0,0,0,1,0,0,0,0,0,1,0,0,0,0,0,1,1,1,1,1,1,0,1,1,1,1,1,1,1
103905,5.0,5.0,1.0,,,3.0,0.0,0,,0,6.0,5.0,1,1,1,0,0,0,0,0,0,0,0,0,0,0,0,0,0,0,0,1,0,0,0,0,0,0,0,1,0,0,0,1,1,1,1,1,1,1,1,1,1,1,1,1,1
103914,4.0,4.0,2.0,,,5.0,0.0,1,5.0,1,8.0,3.4285714285714284,1,0,0,0,0,1,0,0,0,0,0,0,0,0,0,0,0,0,0,0,1,0,0,0,0,0,1,0,0,0,0,0,0,1,1,1,0,1,1,1,0,1,1,1,0
103919,4.0,4.0,2.0,,2.0,3.0,0.0,0,,1,8.0,4.0,1,0,0,1,0,0,0,0,0,0,0,0,0,0,0,0,0,0,0,0,1,0,0,0,0,1,0,0,0,0,0,0,0,1,1,1,1,1,1,1,1,1,1,0,0
103924,4.0,5.0,2.0,,,1.0,1100.0,1,0.0,0,0.0,4.428571428571429,1,0,0,0,0,0,0,1,0,0,0,0,0,0,0,0,0,0,0,0,1,0,0,0,0,1,0,0,0,0,0,1,1,1,1,1,1,0,1,1,1,1,1,1,1
103944,4.0,4.0,2.0,500.0,,,0.0,0,,0,0.0,3.5714285714285716,1,1,1,0,0,0,0,0,0,0,0,0,0,0,0,0,0,0,0,1,0,0,0,0,0,0,1,0,0,0,0,0,1,1,1,1,0,0,1,1,1,1,1,0,1
103955,4.0,4.0,2.0,,,10.0,0.0,0,,0,0.0,4.142857142857143,1,0,0,1,0,0,0,0,0,0,0,0,0,0,0,0,0,0,0,0,1,0,0,0,0,0,0,1,0,0,0,1,0,0,1,1,1,0,1,1,1,1,1,0,0
103956,4.0,4.0,1.0,,,,620.0,1,6.0,0,2.0,4.142857142857143,1,0,0,1,0,0,0,0,0,0,0,0,0,0,0,0,0,0,0,0,1,0,0,0,0,0,0,1,0,0,0,0,0,0,1,1,1,0,0,1,1,1,1,1,1
103990,4.0,4.0,2.0,200.0,,10.0,768.0,1,6.0,0,0.0,3.5714285714285716,1,0,0,1,0,0,0,0,0,0,0,0,0,0,0,0,0,0,0,0,1,0,0,0,0,0,0,1,0,0,0,1,1,1,1,1,1,0,1,1,1,1,1,1,1
104041,3.0,4.0,2.0,,,7.0,0.0,0,,0,0.0,3.4285714285714284,1,1,0,1,0,0,0,0,0,0,0,0,0,0,0,0,0,0,0,1,0,0,0,0,0,0,1,0,0,0,0,1,1,1,1,1,1,1,1,1,1,1,1,1,1
104088,4.0,4.0,2.0,,,,920.0,1,5.0,0,0.0,4.0,1,1,1,0,0,0,0,0,0,0,0,0,0,0,0,0,0,0,0,1,0,0,0,0,0,1,0,0,0,0,0,1,1,1,1,1,1,1,1,1,1,1,1,1,1
104094,3.0,3.0,2.0,,,2.0,0.0,0,,0,0.0,3.4285714285714284,1,1,0,1,0,0,0,0,0,0,0,0,0,0,0,0,0,0,0,1,0,0,0,0,0,0,0,1,0,0,0,1,1,1,1,1,1,0,1,1,1,1,1,1,1
104103,3.0,4.0,2.0,300.0,4.0,6.0,0.0,0,,0,0.0,3.2857142857142856,0,1,0,1,0,0,0,0,0,0,0,0,0,0,0,0,0,0,0,1,0,0,0,0,0,0,0,0,1,0,0,1,1,1,1,1,1,1,1,1,1,1,1,1,1
104119,4.0,3.0,2.0,,4.0,2.0,0.0,0,,0,8.0,2.5714285714285716,0,1,1,0,0,0,0,0,0,0,0,0,0,0,0,0,0,0,0,1,0,0,0,0,0,0,0,0,1,0,0,0,0,1,1,1,1,0,1,1,0,1,1,1,1
104210,4.0,4.0,2.0,,4.0,10.0,0.0,0,,0,0.0,3.5714285714285716,0,0,0,1,0,0,0,0,0,0,0,0,0,0,0,0,0,0,0,0,1,0,0,0,0,0,0,0,0,1,0,0,0,0,0,1,1,0,1,1,1,1,1,1,1
104231,4.0,4.0,2.0,,,8.0,0.0,0,,0,0.0,3.142857142857143,1,0,0,0,0,0,0,1,0,0,0,0,0,0,0,0,0,0,0,0,0,0,0,1,0,0,0,1,0,0,0,0,1,1,1,1,1,0,1,1,1,1,1,1,1
104242,4.0,4.0,2.0,,3.0,,0.0,0,,0,0.0,4.0,0,1,1,0,0,0,0,0,0,0,0,0,0,0,0,0,0,0,0,1,0,0,0,0,0,0,0,0,1,0,0,1,1,1,1,1,1,0,1,1,1,1,1,1,1
104246,3.0,4.0,2.0,,3.0,3.0,0.0,0,,1,0.0,3.857142857142857,0,0,1,0,0,0,0,0,0,0,0,0,0,0,0,0,0,0,0,0,1,0,0,0,0,0,0,0,1,0,0,1,1,1,1,1,1,0,1,1,1,1,1,1,1
104259,4.0,4.0,2.0,,4.0,10.0,0.0,0,,0,0.0,3.5714285714285716,0,0,0,0,0,0,0,1,0,0,0,0,0,0,0,0,0,0,0,0,1,0,0,0,0,0,0,0,1,0,0,0,0,1,1,1,1,0,1,1,1,1,1,1,1
104285,4.0,4.0,2.0,,3.0,5.0,0.0,0,,1,0.0,4.0,0,0,0,0,0,1,0,0,0,0,0,0,0,0,0,0,0,0,0,0,1,0,0,0,0,0,0,1,0,0,0,0,0,0,1,0,0,0,1,1,1,1,1,1,1
104340,3.0,3.0,2.0,,,2.0,0.0,0,,0,0.0,3.4285714285714284,1,0,0,0,0,1,0,0,0,0,0,0,0,0,0,0,0,0,0,0,1,0,0,0,0,0,0,1,0,0,0,1,1,1,1,1,1,1,1,1,1,1,1,1,1
104354,3.0,3.0,2.0,400.0,,,710.0,1,5.0,0,8.0,3.0,1,0,1,0,0,0,0,0,0,0,0,0,0,0,0,0,0,0,0,0,1,0,0,0,0,0,0,1,0,0,0,0,1,1,1,1,0,1,1,1,1,1,1,0,1
104366,3.0,3.0,2.0,,,10.0,0.0,0,,0,0.0,2.857142857142857,1,1,1,0,0,0,0,0,0,0,0,0,0,0,0,0,0,0,0,1,0,0,0,0,0,0,0,1,0,0,0,0,1,1,1,1,1,0,1,1,1,1,1,1,1
104384,4.0,4.0,3.0,,,10.0,0.0,0,,0,8.0,3.2857142857142856,1,1,0,0,0,0,0,1,0,0,0,0,0,0,0,0,0,0,0,1,0,0,0,0,0,0,0,0,0,0,0,1,1,1,1,1,1,1,1,1,0,1,1,1,1
104397,4.0,4.0,1.0,,,10.0,2700.0,1,0.0,0,8.0,4.285714285714286,1,0,1,0,0,0,0,0,0,0,0,0,0,0,0,0,0,0,0,0,1,0,0,0,0,0,0,0,0,1,0,0,0,0,1,1,1,1,1,1,0,1,1,1,1
104411,4.0,4.0,1.0,,,10.0,0.0,0,,0,0.0,4.142857142857143,1,0,0,0,0,1,0,0,0,0,0,0,0,0,0,0,0,0,0,0,1,0,0,0,0,0,0,0,1,0,0,0,0,0,1,1,1,0,1,1,1,1,1,1,1
104414,4.0,4.0,1.0,,,3.0,0.0,0,,0,0.0,4.142857142857143,1,1,0,0,0,0,0,1,0,0,0,0,0,0,0,0,0,0,0,1,0,0,0,0,0,0,0,0,0,0,1,0,0,1,1,1,0,0,1,1,1,1,1,1,1
104423,3.0,3.0,2.0,2100.0,,1.0,0.0,1,6.0,1,0.0,3.0,1,1,1,0,0,0,0,0,0,0,0,0,0,0,0,0,0,0,0,1,0,0,0,0,0,1,0,0,0,0,0,0,1,1,1,1,1,1,1,1,1,1,1,1,1
104440,5.0,5.0,2.0,,1.0,6.0,0.0,0,,0,0.0,4.428571428571429,1,0,0,0,0,0,0,1,0,0,0,0,0,0,0,0,0,0,0,0,1,0,0,0,0,0,0,0,0,0,0,0,0,0,1,1,0,0,1,1,1,1,1,1,1
104483,4.0,4.0,2.0,,,1.0,0.0,0,,0,0.0,3.857142857142857,0,0,0,1,0,0,0,0,0,0,0,0,0,0,0,0,0,0,0,0,1,0,0,0,0,0,0,1,0,0,0,1,1,1,1,1,1,0,1,1,1,1,1,1,1
104504,4.0,4.0,1.0,,,2.0,150.0,1,4.0,0,0.0,3.7142857142857144,0,1,0,0,0,0,0,1,0,0,0,0,0,0,0,0,0,0,0,1,0,0,0,0,0,0,0,0,1,0,0,1,1,1,1,1,1,0,1,1,0,1,1,1,1
104610,4.0,4.0,2.0,,,,0.0,0,,0,0.0,2.857142857142857,1,0,0,0,0,0,0,0,0,0,0,0,0,0,0,0,0,1,0,0,1,0,0,0,0,0,1,0,0,0,0,1,1,1,1,0,1,0,0,1,1,1,1,1,1
104705,4.0,4.0,2.0,,,1.0,0.0,0,,0,0.0,4.0,1,1,0,0,0,0,0,0,0,0,0,0,0,0,0,0,0,1,0,1,0,0,0,0,0,1,0,0,0,0,0,1,1,1,1,1,1,1,1,1,1,1,1,1,1
104774,4.0,3.0,2.0,,,3.0,0.0,0,,0,0.0,3.2857142857142856,1,0,0,0,0,0,0,0,0,0,0,0,0,0,0,0,0,1,0,0,1,0,0,0,0,0,1,0,0,0,0,1,1,1,1,1,1,0,1,1,1,1,1,1,1
104788,3.0,4.0,2.0,,1.0,3.0,0.0,0,,0,0.0,3.0,1,0,0,0,0,0,0,0,0,0,0,0,0,0,0,0,0,1,0,0,1,0,0,0,0,0,0,0,0,1,0,1,1,1,1,1,0,0,1,1,1,1,1,1,1
104796,4.0,3.0,3.0,,,2.0,0.0,0,,0,0.0,3.4285714285714284,1,0,0,0,0,0,0,0,0,0,0,0,0,0,0,0,0,1,0,0,1,0,0,0,0,0,0,0,0,1,0,1,1,1,1,1,1,0,1,1,0,1,1,1,1
104798,4.0,3.0,2.0,,,,0.0,0,,0,0.0,2.857142857142857,1,0,0,0,0,0,0,0,0,0,0,0,0,0,0,0,0,1,0,0,1,0,0,0,0,0,0,1,0,0,0,1,1,1,1,0,1,0,0,1,1,1,1,1,1
104891,5.0,4.0,1.0,,4.0,2.0,0.0,0,,0,0.0,4.285714285714286,0,0,0,0,0,0,0,0,0,0,0,0,0,0,0,0,0,1,0,0,1,0,0,0,0,0,0,1,0,0,0,1,1,1,1,1,0,1,1,1,1,1,1,1,1
104893,4.0,4.0,1.0,,,2.0,0.0,0,,0,0.0,3.857142857142857,0,1,0,0,0,0,0,0,0,0,0,0,0,0,0,0,0,1,0,1,0,0,0,0,0,0,0,0,1,0,0,1,1,1,1,1,0,1,1,1,1,1,1,1,1
104960,4.0,4.0,2.0,,,3.0,0.0,0,,0,0.0,3.2857142857142856,0,0,0,0,0,0,0,0,0,0,0,0,0,0,0,0,0,1,0,0,1,0,0,0,0,0,0,1,0,0,0,1,1,1,1,1,1,0,1,1,1,1,1,1,1
105007,4.0,4.0,2.0,,4.0,5.0,890.0,1,6.0,0,0.0,3.857142857142857,0,0,0,0,0,0,0,0,0,0,0,0,0,0,0,0,0,1,0,0,1,0,0,0,0,0,1,0,0,0,0,1,1,1,1,1,1,0,1,1,1,1,1,1,1
105044,4.0,4.0,1.0,,,3.0,0.0,0,,0,0.0,4.285714285714286,1,0,0,0,0,0,0,0,0,0,0,0,0,0,0,1,0,0,0,0,1,0,0,0,0,0,1,0,0,0,0,1,1,1,1,1,1,1,0,1,1,1,1,1,1
105046,4.0,4.0,1.0,,4.0,10.0,0.0,0,,0,0.0,4.285714285714286,0,0,0,0,0,0,0,0,0,0,0,0,0,0,0,1,0,0,0,0,1,0,0,0,0,0,0,0,1,0,0,1,1,1,1,1,1,0,0,1,1,1,1,1,1
105047,4.0,4.0,1.0,,,2.0,0.0,0,,0,0.0,4.142857142857143,1,0,0,0,0,0,0,0,0,0,0,0,0,0,0,1,0,0,0,0,1,0,0,0,0,0,0,0,0,0,0,1,1,1,1,1,1,0,1,1,0,1,1,1,1
105057,4.0,5.0,1.0,,,,0.0,0,,0,0.0,4.571428571428571,0,0,0,0,0,0,0,0,0,0,0,0,0,0,0,1,0,0,0,0,1,0,0,0,0,0,0,0,1,0,0,1,0,1,1,1,0,0,0,1,1,1,1,1,1
105089,4.0,5.0,2.0,,,1.0,0.0,0,,0,0.0,4.285714285714286,1,1,0,0,0,0,0,0,0,0,0,0,0,0,0,1,0,0,0,1,0,0,0,0,0,0,1,0,0,0,0,0,1,1,1,1,1,1,1,1,0,0,1,1,1
105093,4.0,3.0,2.0,,,3.0,0.0,0,,0,0.0,3.4285714285714284,1,0,0,0,0,1,0,0,0,0,0,0,0,0,0,0,0,0,0,0,1,0,0,0,0,1,0,0,0,0,0,1,0,1,0,1,0,1,1,1,1,1,1,1,1
105132,4.0,3.0,2.0,,4.0,8.0,2000.0,1,0.0,0,0.0,3.7142857142857144,0,0,0,0,0,0,0,0,0,0,0,0,0,0,0,1,0,0,0,0,1,0,0,0,0,0,0,1,0,0,0,1,0,0,1,1,0,0,0,1,1,1,1,1,1
105153,3.0,4.0,2.0,,,,370.0,1,5.0,0,0.0,3.2857142857142856,1,1,0,0,0,0,0,0,0,0,0,0,0,0,0,1,0,0,0,1,0,0,0,0,0,0,1,0,0,0,0,1,1,1,1,1,1,1,1,1,1,1,1,1,1
105277,4.0,4.0,2.0,,,1.0,0.0,0,,1,0.0,3.857142857142857,0,0,0,0,0,0,0,0,0,0,0,0,0,0,0,1,0,0,0,0,1,0,0,0,0,0,0,1,0,0,0,1,1,1,1,1,1,0,1,1,1,1,1,1,1
105292,4.0,5.0,2.0,,,10.0,0.0,1,0.0,1,7.0,3.5714285714285716,1,0,0,0,0,1,0,0,0,0,0,0,0,0,0,0,0,0,0,0,1,0,0,0,0,0,0,0,0,0,1,1,1,1,1,1,1,0,0,1,1,1,0,1,1
105312,3.0,4.0,1.0,,,1.0,0.0,0,,0,0.0,3.2857142857142856,0,1,0,0,0,0,0,0,0,0,0,0,0,0,0,1,0,0,0,1,0,0,0,0,0,0,0,0,1,0,0,1,1,1,1,1,1,1,1,1,1,1,1,1,1
105320,4.0,3.0,2.0,800.0,,6.0,1000.0,1,6.0,0,0.0,3.7142857142857144,0,0,0,1,0,0,0,0,0,0,0,0,0,0,0,0,0,0,0,0,1,0,0,0,0,0,0,0,1,0,0,0,1,1,1,1,1,0,1,1,1,1,1,1,1
105402,4.0,4.0,2.0,,,2.0,0.0,0,,0,0.0,4.142857142857143,1,0,0,0,0,0,0,0,0,0,0,0,0,0,0,1,0,0,0,0,1,0,0,0,0,0,0,0,1,0,0,0,0,0,1,1,0,1,1,1,1,1,1,1,1
105548,4.0,4.0,1.0,,,,0.0,0,,0,0.0,4.0,0,0,0,0,0,0,0,0,0,0,0,0,1,0,0,0,0,0,0,0,1,0,0,0,0,1,0,0,0,0,0,0,1,1,1,1,1,1,1,1,1,1,1,1,0
105549,3.0,3.0,1.0,,,,0.0,0,,0,0.0,3.0,0,1,0,0,0,0,0,0,0,0,0,0,1,0,0,0,0,0,0,1,0,0,0,0,0,0,0,0,1,0,0,1,1,1,1,1,1,0,1,1,1,1,1,1,1
105564,4.0,4.0,2.0,,,1.0,0.0,0,,0,0.0,4.142857142857143,0,0,0,0,0,0,0,0,0,0,0,0,1,0,0,0,0,0,0,0,1,0,0,0,0,0,0,0,1,0,0,1,1,1,1,1,1,0,1,1,1,1,1,1,1
105570,4.0,5.0,2.0,,,2.0,0.0,0,,1,0.0,4.714285714285714,1,0,0,0,0,0,0,0,0,0,0,0,1,0,0,0,0,0,0,0,1,0,0,0,0,1,0,0,0,0,0,1,1,1,1,1,1,1,1,1,1,1,1,1,1
105647,3.0,4.0,3.0,,,,0.0,0,,0,0.0,3.142857142857143,1,0,0,0,0,0,0,0,0,0,0,0,0,0,0,0,0,0,1,0,1,0,0,0,0,0,0,1,0,0,0,1,1,1,1,1,1,0,1,0,1,1,1,1,1
105698,3.0,3.0,3.0,,,3.0,0.0,0,,0,0.0,3.5714285714285716,0,0,0,0,0,0,0,0,0,0,0,0,1,0,0,0,0,0,0,0,1,0,0,0,0,0,1,0,0,0,0,1,1,1,1,1,1,0,1,1,0,1,1,1,1
105735,4.0,4.0,2.0,,,1.0,0.0,0,,0,0.0,3.857142857142857,1,0,0,0,0,0,0,0,0,1,0,0,0,0,0,0,0,0,0,0,1,0,0,0,0,0,0,1,0,0,0,1,1,1,1,1,1,0,1,1,1,1,1,1,1
105741,4.0,4.0,2.0,,,,576.0,1,6.0,0,0.0,3.5714285714285716,1,0,0,0,0,0,0,0,0,0,0,0,0,0,1,0,0,0,0,0,1,0,0,0,0,0,0,0,0,0,0,1,1,1,1,1,1,1,1,1,1,1,1,1,1
105854,4.0,4.0,2.0,,,2.0,0.0,0,,0,0.0,3.5714285714285716,1,0,1,0,0,0,0,0,0,0,0,0,0,0,0,0,0,0,0,0,1,0,0,0,0,0,0,1,0,0,0,0,1,1,1,1,0,0,1,1,1,1,1,1,1
105860,5.0,5.0,1.0,,,1.0,0.0,0,,0,0.0,4.428571428571429,1,0,1,0,0,0,0,0,0,0,0,0,0,0,0,0,0,0,0,0,1,0,0,0,0,1,0,0,0,0,0,0,1,1,1,1,1,0,1,1,1,1,1,1,1
105870,4.0,4.0,1.0,,,6.0,0.0,0,,0,0.0,2.7142857142857144,1,0,1,0,0,0,0,0,0,0,0,0,0,0,0,0,0,0,0,0,1,0,0,0,0,0,0,1,0,0,0,0,0,1,1,1,0,1,1,1,1,1,1,1,1
105871,3.0,4.0,1.0,,,5.0,750.0,1,5.0,0,0.0,3.142857142857143,1,1,1,0,0,0,0,0,0,0,0,0,0,0,0,0,0,0,0,1,0,0,0,0,0,0,0,0,1,0,0,0,0,1,1,1,0,1,1,1,1,1,1,0,0
105892,5.0,4.0,1.0,,,2.0,0.0,0,,0,0.0,4.285714285714286,0,0,0,1,0,0,0,0,0,0,0,0,0,0,0,0,0,0,0,0,1,0,0,0,0,0,0,0,0,0,0,0,1,1,1,1,1,0,1,1,1,1,1,1,1
105902,4.0,4.0,1.0,,,1.0,0.0,0,,0,0.0,4.571428571428571,1,0,1,0,0,0,0,0,0,0,0,0,0,0,0,0,0,0,0,0,1,0,0,0,0,1,0,0,0,0,0,0,1,1,1,1,1,0,1,1,1,1,1,1,1
105904,4.0,4.0,2.0,,,3.0,0.0,0,,0,0.0,3.7142857142857144,0,0,1,0,0,0,0,0,0,0,0,0,0,0,0,0,0,0,0,0,1,0,0,0,0,0,0,0,1,0,0,0,0,1,1,1,1,0,1,1,1,1,1,1,1
105932,4.0,4.0,1.0,,,5.0,0.0,0,,0,0.0,3.2857142857142856,1,0,0,1,0,0,0,0,0,0,0,0,0,0,0,0,0,0,0,0,1,0,0,0,0,0,0,0,0,0,0,0,0,1,1,1,0,1,1,1,1,1,1,1,1
105936,4.0,4.0,1.0,,4.0,6.0,0.0,0,,0,0.0,3.142857142857143,0,0,0,1,0,0,0,0,0,0,0,0,0,0,0,0,0,0,0,0,1,0,0,0,0,0,0,0,0,1,0,0,0,1,1,0,0,1,1,1,0,1,1,1,1
105953,5.0,4.0,1.0,,,,0.0,0,,0,0.0,4.142857142857143,1,1,1,0,0,0,0,0,0,0,0,0,0,0,0,0,0,0,0,1,0,0,0,0,0,0,0,0,0,0,0,0,0,1,1,1,0,0,1,1,1,1,1,0,0
105962,4.0,3.0,2.0,,,2.0,0.0,0,,0,0.0,3.857142857142857,1,1,0,1,0,0,0,0,0,0,0,0,0,0,0,0,0,0,0,1,0,0,0,0,0,0,0,1,0,0,0,1,0,0,1,1,1,1,1,1,0,1,1,0,0
106056,3.0,3.0,1.0,,,,0.0,0,,0,0.0,2.5714285714285716,0,0,1,0,0,0,0,0,0,0,0,0,0,0,0,0,0,0,0,0,1,0,0,0,0,0,0,0,1,0,0,1,1,1,1,1,1,1,1,1,1,1,1,1,1
106125,3.0,4.0,2.0,1800.0,1.0,14.0,0.0,1,5.0,1,2.0,4.0,0,0,1,0,0,0,0,0,0,0,0,0,0,0,0,0,0,0,0,0,1,0,0,0,0,0,0,0,1,0,0,1,1,1,1,1,1,0,0,1,1,1,1,1,1
106173,4.0,3.0,2.0,,2.0,6.0,0.0,0,,0,0.0,3.4285714285714284,0,1,1,0,0,0,0,0,0,0,0,0,0,0,0,0,0,0,0,1,0,0,0,0,0,0,1,0,0,0,0,0,1,1,1,1,1,1,1,1,0,1,1,1,1
106177,4.0,4.0,2.0,2000.0,4.0,6.0,0.0,0,,0,0.0,3.5714285714285716,0,0,1,0,0,0,0,0,0,0,0,0,0,0,0,0,0,0,0,0,1,0,0,0,0,0,0,1,0,0,0,1,1,1,1,1,1,0,1,1,1,1,1,1,1
106178,3.0,4.0,2.0,,,3.0,0.0,0,,0,0.0,2.857142857142857,1,1,1,0,0,0,0,0,0,0,0,0,0,0,0,0,0,0,0,1,0,0,0,0,0,0,1,0,0,0,0,1,1,1,1,1,1,0,1,1,0,1,1,1,1
106187,4.0,4.0,1.0,,,3.0,0.0,0,,0,0.0,4.0,1,0,0,1,0,0,0,0,0,0,0,0,0,0,0,0,0,0,0,0,1,0,0,0,0,0,0,1,0,0,0,1,1,1,1,1,1,1,1,1,0,1,1,1,1
106204,3.0,4.0,2.0,,,3.0,1200.0,1,5.0,0,2.0,3.2857142857142856,1,0,1,0,0,0,0,0,0,0,0,0,0,0,0,0,0,0,0,0,1,0,0,0,0,0,0,1,0,0,0,0,0,0,1,1,1,0,1,1,0,1,1,1,1
106245,4.0,5.0,1.0,400.0,4.0,2.0,0.0,0,,0,0.0,4.428571428571429,0,0,0,1,0,0,0,0,0,0,0,0,0,0,0,0,0,0,0,0,1,0,0,0,0,0,0,0,1,0,0,1,1,1,1,1,1,0,1,1,1,1,1,1,1
106250,3.0,3.0,2.0,,,,0.0,0,,1,3.0,3.2857142857142856,0,0,1,0,0,0,0,0,0,0,0,0,0,0,0,0,0,0,0,0,1,0,0,0,0,0,0,1,0,0,0,0,0,1,1,1,1,0,0,1,1,1,1,1,1
106257,4.0,5.0,1.0,1200.0,4.0,1.0,600.0,1,6.0,0,8.0,4.0,0,0,1,0,0,0,0,0,0,0,0,0,0,0,0,0,0,0,0,0,1,0,0,0,0,0,1,0,0,0,0,1,1,1,1,1,1,0,1,1,1,1,1,1,1
106259,4.0,5.0,1.0,500.0,,1.0,0.0,0,,1,0.0,4.142857142857143,1,0,0,1,0,0,0,0,0,0,0,0,0,0,0,0,0,0,0,0,1,0,0,0,0,0,0,0,0,1,0,1,1,1,1,1,1,0,1,1,1,1,1,1,1
106263,4.0,5.0,2.0,1000.0,4.0,3.0,0.0,0,,0,0.0,3.4285714285714284,0,0,1,0,0,0,0,0,0,0,0,0,0,0,0,0,0,0,0,0,1,0,0,0,0,0,0,0,1,0,0,1,1,1,1,1,1,0,1,1,1,1,1,1,1
106267,4.0,4.0,1.0,300.0,3.0,3.0,0.0,0,,1,2.0,3.857142857142857,0,0,0,1,0,0,0,0,0,0,0,0,0,0,0,0,0,0,0,0,1,0,0,0,0,0,0,1,0,0,0,0,0,0,1,1,1,0,1,1,1,1,1,1,1
106289,4.0,3.0,2.0,,4.0,3.0,0.0,0,,0,0.0,3.4285714285714284,0,0,0,1,0,0,0,0,0,0,0,0,0,0,0,0,0,0,0,0,1,0,0,0,0,0,0,0,1,0,0,0,0,1,1,1,1,1,1,1,1,1,1,1,1
106292,4.0,4.0,2.0,,,6.0,0.0,0,,0,0.0,3.142857142857143,1,0,0,1,0,0,0,0,0,0,0,0,0,0,0,0,0,0,0,0,1,0,0,0,0,0,0,0,0,1,0,0,1,1,1,0,1,0,1,1,0,1,1,1,1
106316,4.0,4.0,1.0,,,4.0,0.0,0,,0,0.0,3.0,1,0,0,1,0,0,0,0,0,0,0,0,0,0,0,0,0,0,0,0,1,0,0,0,0,0,0,0,0,0,0,0,1,1,1,1,1,0,0,1,1,1,1,1,1
106319,3.0,3.0,2.0,,2.0,5.0,0.0,0,,0,0.0,2.857142857142857,1,1,1,0,0,0,0,0,0,0,0,0,0,0,0,0,0,0,0,1,0,0,0,0,0,0,1,0,0,0,0,1,0,1,1,1,0,1,1,1,1,1,1,1,1
106324,4.0,4.0,1.0,,,6.0,0.0,0,,0,0.0,2.7142857142857144,1,0,0,1,0,0,0,0,0,0,0,0,0,0,0,0,0,0,0,0,1,0,0,0,0,0,0,0,0,1,0,0,0,1,1,1,0,1,1,1,1,1,1,1,1
106428,4.0,4.0,3.0,1300.0,,1.0,0.0,0,,1,3.0,3.7142857142857144,1,0,0,1,0,0,0,0,0,0,0,0,0,0,0,0,0,0,0,0,0,0,0,0,1,0,1,0,0,0,0,1,1,1,1,1,1,0,1,1,0,1,0,1,1
106450,3.0,4.0,1.0,,,6.0,0.0,0,,0,0.0,3.142857142857143,1,1,1,0,0,0,0,0,0,0,0,0,0,0,0,0,0,0,0,1,0,0,0,0,0,0,0,0,1,0,0,0,1,1,1,1,0,1,1,1,1,1,1,1,0
106455,4.0,4.0,1.0,,,5.0,0.0,0,,0,0.0,3.0,0,0,1,0,0,0,0,0,0,0,0,0,0,0,0,0,0,0,0,0,1,0,0,0,0,0,0,1,0,0,0,0,0,1,1,1,0,1,1,1,1,1,1,1,1
106461,4.0,3.0,1.0,,,3.0,0.0,0,,0,0.0,2.857142857142857,1,0,0,1,0,0,0,0,0,0,0,0,0,0,0,0,0,0,0,0,1,0,0,0,0,0,0,0,0,0,0,0,1,1,1,1,1,1,1,1,1,1,1,1,0
106506,4.0,4.0,1.0,,,2.0,0.0,0,,0,0.0,3.857142857142857,1,1,1,0,0,0,0,0,0,0,0,0,0,0,0,0,0,0,0,1,0,0,0,0,0,1,0,0,0,0,0,0,1,1,1,1,0,1,1,1,1,1,1,0,0
106518,4.0,5.0,1.0,,,6.0,0.0,0,,0,0.0,3.7142857142857144,1,0,1,0,0,0,0,0,0,0,0,0,0,0,0,0,0,0,0,0,1,0,0,0,0,0,0,1,0,0,0,0,0,1,1,1,0,0,1,1,0,1,1,0,0
106580,4.0,5.0,1.0,500.0,2.0,,0.0,0,,0,8.0,3.7142857142857144,1,0,0,1,0,0,0,0,0,0,0,0,0,0,0,0,0,0,0,0,1,0,0,0,0,0,0,0,0,0,1,1,1,1,1,1,1,0,0,1,1,1,1,1,1
106610,4.0,5.0,2.0,,,3.0,0.0,0,,0,0.0,4.285714285714286,1,0,1,0,0,0,0,0,0,0,0,0,0,0,0,0,0,0,0,0,1,0,0,0,0,0,0,1,0,0,0,0,1,1,1,1,1,0,1,1,1,1,1,1,1
106620,3.0,4.0,1.0,,,5.0,0.0,0,,0,0.0,2.7142857142857144,1,1,1,0,0,0,0,0,0,0,0,0,0,0,0,0,0,0,0,1,0,0,0,0,0,0,1,0,0,0,0,1,1,1,1,1,0,1,1,1,1,0,1,1,1
106631,3.0,3.0,1.0,,,3.0,0.0,0,,0,0.0,3.857142857142857,1,0,1,0,0,0,0,0,0,0,0,0,0,0,0,0,0,0,0,0,1,0,0,0,0,0,0,1,0,0,0,0,0,1,1,1,1,0,1,1,1,1,1,1,1
106634,4.0,4.0,2.0,,,1.0,0.0,0,,0,0.0,4.0,1,0,0,0,0,0,0,1,0,0,0,0,0,0,0,0,0,0,0,0,1,0,0,0,0,0,0,1,0,0,0,0,1,1,1,1,1,0,1,1,1,1,1,1,1
106686,4.0,3.0,3.0,500.0,,1.0,0.0,0,,0,0.0,4.0,0,1,1,0,0,0,0,0,0,0,0,0,0,0,0,0,0,0,0,1,0,0,0,0,0,0,0,0,1,0,0,1,1,1,1,1,1,0,1,1,1,1,1,1,1
106707,4.0,5.0,2.0,,,1.0,0.0,0,,0,0.0,3.7142857142857144,1,0,0,0,0,0,0,0,0,0,1,0,0,0,0,0,0,0,0,0,1,0,0,0,0,1,0,0,0,0,0,1,1,1,1,1,1,1,1,1,1,1,1,1,1
106709,4.0,3.0,2.0,,4.0,,0.0,1,2.0,1,0.0,3.7142857142857144,0,0,0,1,0,0,0,0,0,0,0,0,0,0,0,0,0,0,0,0,1,0,0,0,0,0,0,0,1,0,0,1,0,0,1,1,1,0,1,1,0,1,1,0,1
106725,4.0,3.0,2.0,,,2.0,0.0,0,,0,0.0,3.5714285714285716,1,1,0,0,0,1,0,0,0,0,0,0,0,0,0,0,0,0,0,1,0,0,0,0,0,0,0,0,1,0,0,0,1,1,1,1,1,1,1,1,1,1,1,1,1
106732,4.0,3.0,2.0,1000.0,,3.0,0.0,0,,0,0.0,3.5714285714285716,1,0,0,1,0,0,0,0,0,0,0,0,0,0,0,0,0,0,0,0,1,0,0,0,0,0,0,1,0,0,0,1,1,1,1,1,1,0,1,1,0,1,1,1,1
106743,3.0,3.0,2.0,,6.0,3.0,0.0,0,,0,0.0,3.5714285714285716,1,0,0,0,0,0,0,1,0,0,0,0,0,0,0,0,0,0,0,0,1,0,0,0,0,0,0,0,1,0,0,1,1,1,1,1,1,0,1,1,1,1,1,1,1
106745,3.0,3.0,2.0,,,8.0,0.0,0,,0,0.0,3.142857142857143,1,0,0,1,0,0,0,0,0,0,0,0,0,0,0,0,0,0,0,0,1,0,0,0,0,0,0,0,1,0,0,1,1,1,1,1,1,1,1,1,1,1,1,1,1
106746,3.0,3.0,2.0,100.0,4.0,,0.0,0,,0,0.0,3.142857142857143,1,0,0,0,0,1,0,0,0,0,0,0,0,0,0,0,0,0,0,0,1,0,0,0,0,0,0,0,0,0,0,1,1,1,1,1,1,0,1,0,1,1,1,1,1
106775,4.0,3.0,2.0,,2.0,1.0,0.0,0,,0,0.0,3.7142857142857144,0,1,0,0,0,0,0,0,0,0,0,0,0,0,0,0,1,0,0,1,0,0,0,0,0,0,0,0,1,0,0,1,1,1,1,1,1,0,1,1,1,1,1,1,1
106810,3.0,3.0,2.0,,,3.0,0.0,0,,0,0.0,2.857142857142857,0,1,0,0,0,0,0,1,0,0,0,0,0,0,0,0,0,0,0,1,0,0,0,0,0,0,0,0,1,0,0,1,1,1,1,1,0,0,1,1,1,1,1,1,1
106825,3.0,3.0,2.0,1000.0,,,0.0,0,,0,0.0,3.2857142857142856,1,0,1,0,0,0,0,0,0,0,0,0,0,0,0,0,0,0,0,0,1,0,0,0,0,0,0,0,0,1,0,1,1,1,1,1,1,0,1,1,1,1,1,1,1
106828,3.0,4.0,2.0,,4.0,,0.0,0,,0,0.0,3.2857142857142856,0,0,0,0,0,1,0,0,0,0,0,0,0,0,0,0,0,0,0,0,1,0,0,0,0,0,0,0,1,0,0,1,1,1,1,1,1,1,1,1,1,1,1,1,1
106835,3.0,3.0,1.0,,4.0,8.0,0.0,0,,0,0.0,3.4285714285714284,0,0,0,1,0,0,0,0,0,0,0,0,0,0,0,0,0,0,0,0,1,0,0,0,0,0,0,0,1,0,0,1,1,1,1,1,1,1,1,1,1,1,1,1,1
106918,4.0,4.0,2.0,,6.0,18.0,0.0,0,,1,0.0,3.7142857142857144,0,0,0,1,0,0,0,0,0,0,0,0,0,0,0,0,0,0,0,0,1,0,0,0,0,0,0,0,0,1,0,0,0,0,1,1,0,0,0,1,1,1,1,1,1
106921,3.0,4.0,2.0,,2.0,6.0,1000.0,1,0.0,0,0.0,3.5714285714285716,1,0,0,0,0,1,0,0,0,0,0,0,0,0,0,0,0,0,0,0,1,0,0,0,0,0,0,0,0,0,0,0,0,0,1,0,0,1,1,1,1,1,1,1,1
106939,3.0,4.0,2.0,,,18.0,0.0,0,,1,0.0,2.857142857142857,1,0,1,0,0,0,0,0,0,0,0,0,0,0,0,0,0,0,0,0,1,0,0,0,0,0,0,0,0,1,0,0,0,0,1,1,1,0,1,1,1,1,1,1,1
106962,4.0,4.0,1.0,,4.0,2.0,0.0,0,,1,0.0,3.2857142857142856,0,1,0,0,0,0,0,0,0,0,0,0,0,0,0,1,0,0,0,1,0,0,0,0,0,0,0,1,0,0,0,0,1,1,1,1,1,1,1,1,1,1,1,1,1
106984,4.0,4.0,1.0,,,2.0,0.0,0,,1,0.0,3.7142857142857144,0,0,0,0,0,1,0,0,0,0,0,0,0,0,0,0,0,0,0,0,1,0,0,0,0,0,0,0,0,0,0,0,0,0,1,1,1,1,1,1,0,1,1,1,1
106989,4.0,4.0,2.0,,2.0,3.0,0.0,0,,1,0.0,3.4285714285714284,1,0,0,0,0,1,0,0,0,0,0,0,0,0,0,0,0,0,0,0,1,0,0,0,0,0,0,0,1,0,0,0,0,0,1,1,0,1,1,1,0,1,1,1,1
106990,3.0,4.0,2.0,,,2.0,2800.0,1,3.0,0,0.0,3.142857142857143,1,1,0,1,0,0,0,0,0,0,0,0,0,0,0,0,0,0,0,1,0,0,0,0,0,0,0,0,0,0,0,0,0,0,1,1,1,1,1,1,1,1,1,1,1
107050,4.0,4.0,2.0,,2.0,,650.0,1,5.0,0,4.0,3.5714285714285716,1,0,1,0,0,0,0,0,0,0,0,0,0,0,0,0,0,0,0,0,1,0,0,0,0,0,0,1,0,0,0,0,0,0,1,1,1,1,1,1,1,1,1,1,1
107053,4.0,4.0,2.0,200.0,,,0.0,0,,0,0.0,3.7142857142857144,1,0,1,0,0,0,0,0,0,0,0,0,0,0,0,0,0,0,0,0,1,0,0,0,0,0,0,0,0,1,0,0,0,0,1,1,1,0,1,1,0,0,1,1,0
107093,3.0,3.0,3.0,838.0,1.0,4.0,1900.0,1,5.0,0,5.0,3.857142857142857,1,0,1,0,0,0,0,0,0,0,0,0,0,0,0,0,0,0,0,0,1,0,0,0,0,0,0,0,0,1,0,1,1,1,1,1,1,0,1,1,1,1,1,1,1
107139,4.0,3.0,2.0,,1.0,12.0,0.0,0,,0,8.0,2.5714285714285716,1,0,0,1,0,0,0,0,0,0,0,0,0,0,0,0,0,0,0,0,1,0,0,0,0,0,0,1,0,0,0,1,0,1,1,1,0,0,0,1,1,1,1,1,1
107244,3.0,4.0,2.0,,2.0,,0.0,0,,1,0.0,3.142857142857143,0,0,0,0,1,0,0,0,0,0,0,0,0,0,0,0,0,0,0,0,1,0,0,0,0,0,0,0,1,0,0,1,1,1,1,1,0,1,1,1,1,1,1,1,1
107245,4.0,4.0,1.0,600.0,4.0,3.0,0.0,0,,0,0.0,4.0,0,0,0,1,0,0,0,0,0,0,0,0,0,0,0,0,0,0,0,0,1,0,0,0,0,0,0,1,0,0,0,1,1,1,1,1,1,1,1,1,0,1,1,1,1
107249,4.0,4.0,1.0,,4.0,1.0,0.0,0,,0,0.0,4.0,0,0,1,0,0,0,0,0,0,0,0,0,0,0,0,0,0,0,0,0,1,0,0,0,0,0,0,0,1,0,0,1,1,1,1,1,1,0,1,0,0,1,1,1,1
107250,3.0,3.0,2.0,,3.0,1.0,0.0,0,,0,0.0,3.0,0,0,1,0,0,0,0,0,0,0,0,0,0,0,0,0,0,0,0,0,1,0,0,0,0,0,0,0,0,1,0,0,1,1,1,1,1,0,1,1,1,1,1,1,1
107264,3.0,2.0,2.0,5000.0,,,0.0,0,,0,0.0,2.5714285714285716,0,0,0,0,0,0,0,1,0,0,0,0,0,0,0,0,0,0,0,0,1,0,0,0,0,0,0,0,1,0,0,0,0,0,1,1,0,1,1,1,1,0,1,1,1
107321,3.0,4.0,2.0,300.0,,1.0,0.0,0,,1,0.0,3.5714285714285716,0,0,1,0,0,0,0,0,0,0,0,0,0,0,0,0,0,0,0,0,1,0,0,0,0,0,0,0,1,0,0,1,1,1,1,1,1,0,1,1,1,1,1,1,1
107338,3.0,4.0,2.0,,,3.0,0.0,0,,0,0.0,3.7142857142857144,1,0,0,0,1,0,0,0,0,0,0,0,0,0,0,0,0,0,0,0,1,0,0,0,0,1,0,0,0,0,0,0,0,1,1,1,1,0,1,1,1,1,1,1,1
107379,4.0,4.0,2.0,,,3.0,0.0,0,,1,0.0,4.142857142857143,0,0,0,1,0,0,0,0,0,0,0,0,0,0,0,0,0,0,0,0,1,0,0,0,0,0,0,0,1,0,0,0,0,1,1,1,1,0,1,1,1,1,1,1,1
107450,4.0,4.0,2.0,,4.0,3.0,0.0,0,,0,0.0,3.7142857142857144,0,0,0,0,0,0,0,0,0,0,0,0,0,0,1,0,0,0,0,0,1,0,0,0,0,0,0,0,1,0,0,0,1,1,1,1,1,0,1,1,1,1,1,1,1
107488,4.0,5.0,2.0,800.0,4.0,5.0,0.0,0,,0,0.0,3.7142857142857144,0,0,0,1,0,0,0,0,0,0,0,0,0,0,0,0,0,0,0,0,1,0,0,0,0,0,0,0,1,0,0,0,1,1,1,1,1,1,1,1,1,1,1,1,1
107561,4.0,3.0,1.0,1000.0,4.0,2.0,0.0,1,4.0,1,0.0,3.142857142857143,0,0,0,1,0,0,0,0,0,0,0,0,0,0,0,0,0,0,0,0,1,0,0,0,0,0,0,1,0,0,0,1,1,1,1,1,1,0,1,1,1,1,1,1,1
107586,3.0,4.0,2.0,,,,0.0,0,,1,0.0,3.4285714285714284,1,0,0,0,0,1,0,0,0,0,0,0,0,0,0,0,0,0,0,0,1,0,0,0,0,0,0,1,0,0,0,0,0,0,1,1,1,0,1,1,1,1,1,1,1
107596,3.0,5.0,1.0,,,2.0,0.0,0,,1,0.0,3.2857142857142856,0,0,1,0,0,0,0,0,0,0,0,0,0,0,0,0,0,0,0,0,1,0,0,0,0,0,0,1,0,0,0,0,0,0,1,1,0,1,1,1,1,1,1,1,1
107622,4.0,5.0,2.0,,1.0,9.0,0.0,0,,0,0.0,4.285714285714286,0,0,0,0,0,0,0,1,0,0,0,0,0,0,0,0,0,0,0,0,1,0,0,0,0,0,0,0,1,0,0,0,0,0,1,0,0,0,1,1,1,1,1,0,1
107698,4.0,4.0,2.0,,2.0,,0.0,0,,0,0.0,3.7142857142857144,1,0,1,0,0,0,0,0,0,0,0,0,0,0,0,0,0,0,0,0,1,0,0,0,0,0,0,0,0,1,0,0,1,1,1,0,1,1,1,1,1,1,1,1,1
107734,3.0,4.0,2.0,,,2.0,570.0,1,6.0,0,0.0,3.0,0,0,0,0,0,1,0,0,0,0,0,0,0,0,0,0,0,0,0,0,1,0,0,0,0,0,0,0,1,0,0,0,1,1,1,1,1,0,1,1,1,1,1,1,1
107744,4.0,4.0,1.0,,,,0.0,0,,0,0.0,3.5714285714285716,0,0,1,0,0,0,0,0,0,0,0,0,0,0,0,0,0,0,0,0,1,0,0,0,0,0,0,1,0,0,0,1,1,1,1,1,1,0,0,1,1,1,1,1,1
107745,4.0,3.0,1.0,,,3.0,0.0,0,,0,0.0,3.7142857142857144,0,0,1,0,0,0,0,0,0,0,0,0,0,0,0,0,0,0,0,0,1,0,0,0,0,0,0,0,1,0,0,0,0,0,1,1,1,0,1,1,1,1,1,1,1
107746,4.0,4.0,2.0,,,1.0,0.0,0,,0,0.0,3.7142857142857144,0,0,1,0,0,0,0,0,0,0,0,0,0,0,0,0,0,0,0,0,1,0,0,0,0,0,0,0,1,0,0,0,0,0,0,0,0,0,1,1,0,0,0,0,0
107802,4.0,3.0,2.0,,4.0,1.0,1500.0,1,6.0,0,0.0,3.2857142857142856,0,1,0,1,0,0,0,0,0,0,0,0,0,0,0,0,0,0,0,0,0,0,0,0,0,0,1,0,0,0,0,1,1,1,1,1,1,0,1,1,1,1,1,1,1
107861,4.0,4.0,2.0,,,,2400.0,1,3.0,0,0.0,4.0,1,1,1,0,0,0,0,0,0,0,0,0,0,0,0,0,0,0,0,1,0,0,0,0,0,1,0,0,0,0,0,0,1,0,1,1,0,1,1,1,1,1,0,0,0
107900,4.0,4.0,2.0,,,4.0,0.0,0,,0,0.0,3.857142857142857,1,0,0,1,0,0,0,0,0,0,0,0,0,0,0,0,0,0,0,0,1,0,0,0,0,0,0,0,0,1,0,1,0,1,1,1,1,0,1,1,1,1,1,1,1
107902,4.0,4.0,2.0,,,,0.0,0,,0,0.0,4.142857142857143,1,1,1,0,0,0,0,0,0,0,0,0,0,0,0,0,0,0,0,1,0,0,0,0,0,0,0,0,1,0,0,1,1,1,1,1,1,0,1,1,1,1,1,1,1
107916,4.0,4.0,2.0,,,1.0,0.0,0,,0,0.0,4.142857142857143,1,0,1,0,0,0,0,0,0,0,0,0,0,0,0,0,0,0,0,0,1,0,0,0,0,0,0,0,0,0,1,1,1,1,1,1,1,0,1,1,1,1,1,1,1
108045,4.0,3.0,2.0,,,3.0,2000.0,1,3.0,0,0.0,2.5714285714285716,1,1,0,0,0,0,0,0,0,0,0,0,0,0,0,1,0,0,0,1,0,0,0,0,0,1,0,0,0,0,0,1,1,1,1,1,1,0,1,1,1,1,1,1,1
108067,4.0,4.0,2.0,,,5.0,0.0,0,,0,0.0,3.2857142857142856,0,0,1,0,0,0,0,0,0,0,0,0,0,0,0,0,0,0,0,0,1,0,0,0,0,0,0,0,1,0,0,1,1,1,1,1,1,0,1,1,1,1,1,1,1
108114,4.0,4.0,1.0,,2.0,5.0,0.0,0,,1,0.0,3.0,1,0,0,1,0,0,0,0,0,0,0,0,0,0,0,0,0,0,0,0,1,0,0,0,0,0,1,0,0,0,0,0,0,1,1,1,0,1,0,1,1,1,1,1,1
108137,4.0,4.0,1.0,,,6.0,0.0,0,,0,0.0,2.857142857142857,1,0,0,1,0,0,0,0,0,0,0,0,0,0,0,0,0,0,0,0,1,0,0,0,0,0,0,1,0,0,0,0,0,1,1,1,0,1,1,1,1,1,1,1,1
108139,4.0,4.0,1.0,,2.0,4.0,0.0,0,,0,0.0,3.142857142857143,1,0,0,1,0,0,0,0,0,0,0,0,0,0,0,0,0,0,0,0,1,0,0,0,0,0,0,0,0,1,0,0,0,0,1,1,0,1,1,0,1,1,1,1,1
108141,4.0,4.0,1.0,,4.0,3.0,0.0,0,,0,0.0,3.142857142857143,1,0,1,0,0,0,0,0,0,0,0,0,0,0,0,0,0,0,0,0,1,0,0,0,0,0,0,0,0,1,0,0,0,1,1,1,1,1,1,1,1,1,1,1,1
108144,4.0,4.0,1.0,,,5.0,710.0,1,0.0,0,0.0,2.857142857142857,1,0,1,0,0,0,0,0,0,0,0,0,0,0,0,0,0,0,0,0,1,0,0,0,0,0,0,0,0,0,0,0,0,1,1,1,0,1,1,1,1,1,1,1,1
108145,3.0,4.0,1.0,,2.0,12.0,0.0,0,,0,0.0,3.0,1,1,1,0,0,0,0,0,0,0,0,0,0,0,0,0,0,0,0,1,0,0,0,0,0,0,0,1,0,0,0,0,1,1,1,1,1,1,1,1,1,1,1,1,1
108156,3.0,3.0,1.0,,,3.0,0.0,0,,0,0.0,2.857142857142857,1,1,1,0,0,0,0,0,0,0,0,0,0,0,0,0,0,0,0,1,0,0,0,0,0,0,0,1,0,0,0,0,1,1,1,1,1,1,1,1,1,1,1,1,1
108167,3.0,4.0,1.0,,,5.0,0.0,0,,0,0.0,3.4285714285714284,1,1,0,1,0,0,0,0,0,0,0,0,0,0,0,0,0,0,0,1,0,0,0,0,0,0,0,0,1,0,0,0,0,1,1,1,1,1,1,1,0,1,1,1,0
108168,4.0,3.0,1.0,,,8.0,0.0,0,,0,0.0,2.7142857142857144,1,0,1,0,0,0,0,0,0,0,0,0,0,0,0,0,0,0,0,0,1,0,0,0,0,0,1,0,0,0,0,0,1,1,1,1,1,1,0,1,1,1,1,0,0
108314,4.0,4.0,1.0,600.0,,12.0,0.0,0,,0,0.0,3.5714285714285716,0,0,1,0,0,0,0,0,0,0,0,0,0,0,0,0,0,0,0,0,1,0,0,0,0,0,1,0,0,0,0,0,0,0,1,1,0,1,1,1,0,0,1,1,1
108365,4.0,4.0,1.0,,4.0,2.0,0.0,0,,1,8.0,3.7142857142857144,0,0,0,1,0,0,0,0,0,0,0,0,0,0,0,0,0,0,0,0,1,0,0,0,0,0,0,0,1,0,0,0,0,1,1,1,1,0,1,1,0,1,1,1,1
108390,3.0,3.0,4.0,,,,3000.0,1,8.0,0,0.0,3.2857142857142856,0,1,0,0,0,1,0,0,0,0,0,0,0,0,0,0,0,0,0,1,0,0,0,0,0,0,0,0,1,0,0,1,1,1,1,1,1,0,1,1,0,1,1,1,1
108408,4.0,4.0,2.0,,2.0,1.0,0.0,0,,1,0.0,3.2857142857142856,1,1,0,0,0,0,0,1,0,0,0,0,0,0,0,0,0,0,0,1,0,0,0,0,0,0,0,0,0,0,1,0,1,1,1,1,0,1,1,0,0,0,1,1,1
108416,4.0,4.0,1.0,,4.0,,0.0,0,,0,2.0,3.7142857142857144,0,0,0,0,0,0,0,0,0,0,1,0,0,0,0,0,0,0,0,0,1,0,0,0,0,0,0,0,0,0,0,1,1,1,1,0,1,0,0,1,1,1,1,1,1
108439,4.0,4.0,2.0,,2.0,3.0,0.0,0,,0,0.0,3.857142857142857,1,0,1,0,0,0,0,0,0,0,0,0,0,0,0,0,0,0,0,0,1,0,0,0,0,0,0,1,0,0,0,0,0,1,1,1,1,0,0,0,0,1,1,1,1
108477,4.0,4.0,3.0,,,17.0,3400.0,1,2.0,0,0.0,3.4285714285714284,0,0,0,0,0,0,0,1,0,0,0,0,0,0,0,0,0,0,0,0,1,0,0,0,0,0,0,0,0,0,1,1,1,1,1,1,1,0,0,1,1,1,1,1,1
108493,3.0,4.0,2.0,,,2.0,0.0,0,,0,0.0,3.5714285714285716,0,0,0,0,0,0,0,1,0,0,0,0,0,0,0,0,0,0,0,0,1,0,0,0,0,0,0,1,0,0,0,0,1,1,1,1,1,0,1,1,1,1,1,1,1
108496,3.0,4.0,2.0,,,3.0,0.0,0,,0,0.0,4.0,1,1,1,0,0,0,0,0,0,0,0,0,0,0,0,0,0,0,0,1,0,0,0,0,0,0,0,0,0,0,0,0,1,1,1,1,1,0,1,1,1,1,1,0,1
108510,4.0,4.0,2.0,,2.0,2.0,0.0,0,,0,0.0,3.5714285714285716,1,0,0,1,0,0,0,0,0,0,0,0,0,0,0,0,0,0,0,0,1,0,0,0,0,0,1,0,0,0,0,1,1,1,1,1,1,0,1,1,1,1,1,1,1
108548,3.0,4.0,1.0,,,2.0,600.0,1,5.0,0,0.0,3.2857142857142856,1,1,0,0,0,1,0,0,0,0,0,0,0,0,0,0,0,0,0,1,0,0,0,0,0,1,0,0,0,0,0,0,0,0,1,1,1,1,1,1,1,1,1,1,1
108550,4.0,4.0,2.0,,,8.0,600.0,1,2.0,0,0.0,3.2857142857142856,1,0,0,1,0,0,0,0,0,0,0,0,0,0,0,0,0,0,0,0,1,0,0,0,0,0,0,1,0,0,0,0,0,0,1,1,0,1,0,1,1,1,1,1,0
108551,4.0,4.0,2.0,,,,0.0,0,,0,0.0,3.7142857142857144,1,1,1,0,0,0,0,0,0,0,0,0,0,0,0,0,0,0,0,1,0,0,0,0,0,1,0,0,0,0,0,0,0,0,1,1,0,1,1,1,1,1,1,1,1
108554,4.0,4.0,1.0,,,2.0,0.0,0,,1,0.0,3.2857142857142856,1,0,0,0,0,1,0,0,0,0,0,0,0,0,0,0,0,0,0,0,1,0,0,0,0,1,0,0,0,0,0,0,0,0,1,1,1,1,1,1,0,1,1,1,1
108560,4.0,3.0,2.0,,4.0,5.0,0.0,0,,0,0.0,2.857142857142857,0,0,1,0,0,0,0,0,0,0,0,0,0,0,0,0,0,0,0,0,1,0,0,0,0,0,0,0,1,0,0,0,1,1,1,1,1,0,1,1,1,1,1,0,1
108595,4.0,4.0,1.0,,,2.0,0.0,0,,0,0.0,3.7142857142857144,0,0,0,1,0,0,0,0,0,0,0,0,0,0,0,0,0,0,0,0,1,0,0,0,0,0,0,0,1,0,0,0,0,0,1,1,1,1,1,1,1,1,1,1,1
108602,4.0,5.0,1.0,,2.0,3.0,800.0,1,6.0,0,0.0,3.4285714285714284,1,0,1,0,0,0,0,0,0,0,0,0,0,0,0,0,0,0,0,0,1,0,0,0,0,0,0,0,1,0,0,0,0,0,1,1,1,1,1,1,0,1,1,1,1
108604,3.0,4.0,2.0,,,12.0,1800.0,1,6.0,0,0.0,3.0,0,0,0,1,0,0,0,0,0,0,0,0,0,0,0,0,0,0,0,0,1,0,0,0,0,0,0,0,1,0,0,0,0,0,0,1,1,1,1,1,1,1,1,1,1
108616,3.0,4.0,2.0,,,,0.0,0,,1,0.0,3.2857142857142856,1,0,0,0,0,1,0,0,0,0,0,0,0,0,0,0,0,0,0,0,1,0,0,0,0,0,1,0,0,0,0,0,0,0,1,1,0,1,1,1,1,1,1,1,1
108626,4.0,5.0,1.0,,,2.0,0.0,0,,0,0.0,3.7142857142857144,0,0,0,0,1,0,0,0,0,0,0,0,0,0,0,0,0,0,0,0,0,1,0,0,0,0,0,0,0,0,1,0,0,0,1,0,0,0,0,1,1,1,1,1,1
108632,4.0,3.0,3.0,,,2.0,0.0,0,,0,0.0,3.4285714285714284,1,1,1,0,0,0,0,0,0,0,0,0,0,0,0,0,0,0,0,1,0,0,0,0,0,0,0,1,0,0,0,1,1,1,1,1,1,0,1,1,1,1,1,1,1
108639,4.0,4.0,2.0,,,3.0,840.0,1,5.0,0,0.0,3.2857142857142856,0,1,1,0,0,0,0,0,0,0,0,0,0,0,0,0,0,0,0,1,0,0,0,0,0,0,0,1,0,0,0,1,1,1,1,1,1,0,1,1,1,1,1,1,1
108640,4.0,5.0,2.0,,,3.0,0.0,0,,0,0.0,4.0,1,0,0,1,0,0,0,0,0,0,0,0,0,0,0,0,0,0,0,0,1,0,0,0,0,0,0,1,0,0,0,1,1,1,1,1,1,0,1,1,1,1,1,1,1
108642,4.0,4.0,3.0,,,7.0,0.0,0,,0,0.0,3.2857142857142856,0,1,0,0,0,0,0,1,0,0,0,0,0,0,0,0,0,0,0,1,0,0,0,0,0,0,0,0,1,0,0,1,1,1,1,1,1,0,1,1,1,1,1,1,1
108644,4.0,4.0,2.0,,,3.0,0.0,0,,0,0.0,3.5714285714285716,1,0,0,1,0,0,0,0,0,0,0,0,0,0,0,0,0,0,0,0,1,0,0,0,0,0,0,0,0,0,0,1,1,1,1,1,1,0,1,1,1,1,1,1,1
108646,4.0,4.0,3.0,,,4.0,0.0,0,,0,0.0,3.4285714285714284,1,1,1,0,0,0,0,0,0,0,0,0,0,0,0,0,0,0,0,1,0,0,0,0,0,0,0,0,1,0,0,1,1,1,1,1,0,0,1,1,1,1,1,1,1
108687,4.0,4.0,1.0,1300.0,2.0,3.0,2400.0,1,2.0,0,0.0,4.285714285714286,0,0,0,1,0,0,0,0,0,0,0,0,0,0,0,0,0,0,0,0,1,0,0,0,0,0,0,0,1,0,0,0,0,1,1,1,0,0,1,1,1,1,1,1,1
108759,4.0,4.0,2.0,400.0,4.0,1.0,0.0,0,,0,0.0,3.7142857142857144,0,1,1,0,0,0,0,0,0,0,0,0,0,0,0,0,0,0,0,1,0,0,0,0,0,0,0,1,0,0,0,1,1,1,1,1,1,1,1,1,0,1,1,0,0
108770,4.0,4.0,1.0,,4.0,,0.0,0,,0,0.0,3.857142857142857,1,0,0,1,0,0,0,0,0,0,0,0,0,0,0,0,0,0,0,0,1,0,0,0,0,0,0,0,0,0,0,0,0,1,1,1,1,0,1,1,1,1,1,0,0
108812,3.0,4.0,2.0,,,3.0,0.0,0,,0,0.0,3.4285714285714284,0,0,0,0,0,0,0,1,0,0,0,0,0,0,0,0,0,0,0,0,1,0,0,0,0,0,0,0,1,0,0,1,1,1,1,1,1,1,1,1,1,1,1,1,1
108871,4.0,4.0,2.0,,,5.0,2100.0,1,5.0,0,0.0,3.7142857142857144,0,0,0,0,1,0,0,0,0,0,0,0,0,0,0,0,0,0,0,0,1,0,0,0,0,0,0,0,1,0,0,0,1,1,1,1,0,1,1,1,1,1,1,1,0
108908,4.0,5.0,3.0,,,20.0,0.0,0,,0,3.0,4.428571428571429,1,0,0,0,1,0,0,0,0,0,0,0,0,0,0,0,0,0,0,0,1,0,0,0,0,0,0,0,1,0,0,1,1,1,1,1,1,0,1,1,1,1,1,1,1
108910,4.0,5.0,1.0,,,,0.0,0,,0,0.0,4.142857142857143,1,0,0,0,1,0,0,0,0,0,0,0,0,0,0,0,0,0,0,0,1,0,0,0,0,0,0,0,0,0,0,1,1,1,1,1,1,0,1,1,1,1,1,1,1
108984,4.0,3.0,2.0,,,25.0,0.0,0,,0,0.0,3.7142857142857144,0,0,0,0,1,0,0,0,0,0,0,0,0,0,0,0,0,0,0,0,1,0,0,0,0,1,0,0,0,0,0,1,1,1,1,1,1,0,1,1,1,1,1,1,1
108987,4.0,5.0,1.0,1000.0,,1.0,0.0,0,,0,0.0,4.428571428571429,1,0,0,0,1,0,0,0,0,0,0,0,0,0,0,0,0,0,0,0,1,0,0,0,0,1,0,0,0,0,0,1,1,1,1,1,1,0,1,1,1,1,1,1,1
108988,4.0,5.0,2.0,,,2.0,0.0,0,,0,0.0,3.5714285714285716,1,0,0,0,1,0,0,0,0,0,0,0,0,0,0,0,0,0,0,0,1,0,0,0,0,1,0,0,0,0,0,1,1,1,1,1,1,1,1,1,1,1,1,1,1
109005,4.0,3.0,1.0,,,9.0,0.0,0,,0,0.0,3.5714285714285716,1,0,0,0,1,0,0,0,0,0,0,0,0,0,0,0,0,0,0,0,1,0,0,0,0,0,0,1,0,0,0,1,1,1,1,1,1,1,0,1,1,1,1,1,1
109012,4.0,4.0,1.0,1650.0,,1.0,0.0,0,,0,2.0,3.7142857142857144,0,0,0,0,1,0,0,0,0,0,0,0,0,0,0,0,0,0,0,0,1,0,0,0,0,0,0,0,1,0,0,1,1,1,1,1,1,0,1,1,1,1,1,1,1
109032,3.0,4.0,3.0,200.0,,,0.0,0,,0,0.0,2.5714285714285716,1,0,0,0,1,0,0,0,0,0,0,0,0,0,0,0,0,0,0,0,1,0,0,0,0,0,0,1,0,0,0,1,1,1,1,1,1,0,1,1,1,1,1,1,1
109046,5.0,5.0,1.0,,,1.0,0.0,0,,0,0.0,4.428571428571429,0,0,0,0,1,0,0,0,0,0,0,0,0,0,0,0,0,0,0,0,1,0,0,0,0,0,0,1,0,0,0,1,1,1,1,1,1,0,1,1,1,1,1,1,1
109063,3.0,4.0,2.0,,,1.0,0.0,0,,0,0.0,3.5714285714285716,1,1,0,0,0,0,0,0,0,0,0,0,0,0,0,0,1,0,0,1,0,0,0,0,0,1,0,0,0,0,0,1,1,1,1,1,1,0,1,1,1,1,1,1,1
109068,3.0,4.0,2.0,2500.0,,1.0,0.0,0,,0,0.0,3.142857142857143,1,0,0,0,0,0,1,0,0,0,0,0,0,0,0,0,0,0,0,0,1,0,0,0,0,0,0,1,0,0,0,1,1,1,1,1,1,0,1,1,1,1,1,1,1
109120,4.0,5.0,2.0,,,1.0,0.0,0,,0,0.0,4.0,0,0,0,0,1,0,0,0,0,0,0,0,0,0,0,0,0,0,0,0,1,0,0,0,0,0,0,0,0,0,0,1,1,1,1,1,1,0,1,1,1,1,1,1,1
109152,3.0,4.0,1.0,,,8.0,0.0,0,,0,0.0,3.7142857142857144,1,0,0,0,1,0,0,0,0,0,0,0,0,0,0,0,0,0,0,0,1,0,0,0,0,1,0,0,0,0,0,1,1,1,1,1,1,0,1,1,1,1,1,1,1
109156,3.0,4.0,1.0,,,1.0,0.0,0,,0,0.0,3.4285714285714284,1,0,0,0,1,0,0,0,0,0,0,0,0,0,0,0,0,0,0,0,1,0,0,0,0,1,0,0,0,0,0,1,1,1,1,1,1,0,1,1,1,1,1,1,1
109192,5.0,5.0,2.0,150.0,,7.0,0.0,0,,0,0.0,4.857142857142857,0,0,0,0,1,0,0,0,0,0,0,0,0,0,0,0,0,0,0,0,1,0,0,0,0,0,0,1,0,0,0,1,1,1,1,1,1,0,1,1,1,1,1,1,1
109282,4.0,4.0,1.0,,,3.0,0.0,0,,0,0.0,4.0,0,0,0,0,0,0,1,0,0,0,0,0,0,0,0,0,0,0,0,0,1,0,0,0,0,0,0,1,0,0,0,0,1,1,1,1,1,0,1,1,1,1,1,1,1
109314,4.0,5.0,2.0,,,,0.0,0,,1,0.0,4.0,1,0,0,1,0,0,0,0,0,0,0,0,0,0,0,0,0,0,0,0,1,0,0,0,0,0,0,0,0,0,0,0,1,1,1,1,1,0,1,1,1,1,1,1,1
109358,4.0,3.0,2.0,,,8.0,0.0,0,,0,0.0,3.142857142857143,1,0,0,0,0,0,1,0,0,0,0,0,0,0,0,0,0,0,0,0,1,0,0,0,0,0,0,0,0,0,0,1,1,1,1,1,1,0,1,1,1,1,1,1,1
109360,4.0,3.0,1.0,,4.0,6.0,0.0,0,,0,0.0,4.142857142857143,0,0,0,0,0,0,1,0,0,0,0,0,0,0,0,0,0,0,0,0,1,0,0,0,0,0,0,0,0,0,1,1,1,1,1,1,1,0,0,1,1,1,1,1,1
109363,4.0,3.0,2.0,,,6.0,0.0,0,,1,0.0,3.142857142857143,1,0,0,0,0,0,1,0,0,0,0,0,0,0,0,0,0,0,0,0,1,0,0,0,0,0,0,0,0,0,0,1,1,1,1,1,1,0,1,1,0,1,1,1,1
109371,5.0,4.0,2.0,,,1.0,0.0,0,,0,0.0,3.5714285714285716,0,0,0,0,0,0,1,0,0,0,0,0,0,0,0,0,0,0,0,0,1,0,0,0,0,0,0,0,0,0,0,1,1,1,1,1,1,0,1,1,1,1,1,1,1
109395,3.0,2.0,2.0,,,12.0,0.0,0,,0,0.0,3.142857142857143,0,0,0,0,0,0,1,0,0,0,0,0,0,0,0,0,0,0,0,0,1,0,0,0,0,0,0,0,1,0,0,1,1,1,1,1,1,0,0,1,1,1,1,1,1
109402,3.0,4.0,2.0,,,,768.0,1,6.0,0,0.0,3.4285714285714284,1,0,0,0,0,0,1,0,0,0,0,0,0,0,0,0,0,0,0,0,1,0,0,0,0,0,0,0,1,0,0,1,1,1,1,1,1,0,1,1,1,1,1,1,1
109406,4.0,4.0,2.0,500.0,,,0.0,0,,0,0.0,3.857142857142857,1,0,0,0,0,0,1,0,0,0,0,0,0,0,0,0,0,0,0,0,1,0,0,0,0,0,0,0,0,0,0,1,1,1,1,1,1,0,1,1,0,1,1,1,1
109432,4.0,4.0,2.0,,,,0.0,0,,0,0.0,3.7142857142857144,0,0,0,0,0,0,1,0,0,0,0,0,0,0,0,0,0,0,0,0,1,0,0,0,0,0,0,0,0,1,0,1,1,1,1,1,1,0,0,1,1,1,1,1,1
109434,3.0,4.0,1.0,,,2.0,0.0,0,,1,0.0,3.5714285714285716,1,0,0,0,0,0,1,0,0,0,0,0,0,0,0,0,0,0,0,0,1,0,0,0,0,0,0,0,0,0,0,1,1,1,1,1,1,0,1,1,1,1,1,1,1
109435,3.0,4.0,2.0,,,,0.0,0,,0,0.0,3.857142857142857,1,0,0,0,0,0,1,0,0,0,0,0,0,0,0,0,0,0,0,0,1,0,0,0,0,0,0,0,0,0,0,1,0,0,1,1,1,0,1,1,1,1,1,1,1
109446,4.0,4.0,2.0,,3.0,2.0,0.0,0,,1,3.0,4.285714285714286,0,0,0,0,0,0,1,0,0,0,0,0,0,0,0,0,0,0,0,0,1,0,0,0,0,0,0,0,1,0,0,0,0,0,1,1,0,1,0,1,0,0,1,0,0
109464,3.0,4.0,2.0,,4.0,1.0,0.0,0,,1,0.0,3.7142857142857144,0,0,0,0,0,0,1,0,0,0,0,0,0,0,0,0,0,0,0,0,1,0,0,0,0,0,0,0,0,0,0,1,1,1,1,1,1,1,1,1,1,1,1,1,1
109468,4.0,4.0,2.0,,3.0,,0.0,0,,0,0.0,3.5714285714285716,0,0,0,0,0,0,1,0,0,0,0,0,0,0,0,0,0,0,0,0,1,0,0,0,0,0,0,0,1,0,0,1,1,1,1,1,1,1,0,1,1,1,1,1,1
109469,3.0,4.0,1.0,,3.0,2.0,0.0,0,,1,0.0,3.7142857142857144,0,0,0,0,0,0,1,0,0,0,0,0,0,0,0,0,0,0,0,0,1,0,0,0,0,0,0,0,0,0,0,1,1,1,1,1,0,1,1,1,1,1,1,1,1
109549,4.0,3.0,1.0,,,10.0,0.0,0,,0,0.0,3.7142857142857144,0,0,0,0,0,0,1,0,0,0,0,0,0,0,0,0,0,0,0,0,1,0,0,0,0,0,1,0,0,0,0,1,1,0,1,1,0,1,1,1,1,1,1,1,1
109560,4.0,4.0,2.0,500.0,,3.0,1080.0,1,5.0,0,0.0,3.7142857142857144,1,0,0,0,0,0,1,0,0,0,0,0,0,0,0,0,0,0,0,0,1,0,0,0,0,0,0,1,0,0,0,1,1,1,1,1,1,0,0,1,1,1,1,1,1
109566,4.0,4.0,2.0,,,3.0,0.0,0,,0,0.0,4.285714285714286,0,0,0,0,0,0,0,0,0,0,0,0,0,0,0,0,1,0,0,0,1,0,0,0,0,0,0,0,1,0,0,0,1,1,1,1,0,1,1,1,1,1,1,1,1
109691,4.0,4.0,2.0,,,4.0,0.0,0,,0,0.0,3.4285714285714284,0,0,0,0,0,1,0,0,0,0,0,0,0,0,0,0,0,0,0,0,1,0,0,0,0,0,0,0,0,1,0,0,0,0,1,1,0,0,1,1,1,1,1,1,1
109716,4.0,4.0,2.0,,2.0,12.0,0.0,0,,0,0.0,3.857142857142857,1,0,0,1,0,0,0,0,0,0,0,0,0,0,0,0,0,0,0,0,1,0,0,0,0,0,0,1,0,0,0,0,0,0,1,1,0,0,1,1,1,1,1,1,1
109733,1.0,1.0,2.0,,,3.0,0.0,0,,0,1.5,1.0,0,1,0,0,0,1,0,0,0,0,0,0,0,0,0,0,0,0,0,1,0,0,0,0,0,0,1,0,0,0,0,1,1,1,1,1,1,0,1,1,0,1,1,1,1
109746,4.0,3.0,1.0,,3.0,,0.0,0,,0,0.0,4.0,0,1,0,1,0,0,0,0,0,0,0,0,0,0,0,0,0,0,0,1,0,0,0,0,0,0,0,0,1,0,0,0,0,1,1,1,0,1,1,1,0,0,1,1,1
109752,4.0,3.0,2.0,,4.0,,0.0,0,,0,0.0,3.857142857142857,0,0,0,0,0,0,0,0,0,0,0,0,0,0,0,1,0,0,0,0,1,0,0,0,0,0,0,0,0,0,0,0,0,1,1,1,0,1,1,1,1,0,1,1,1
109803,5.0,4.0,2.0,,,10.0,0.0,0,,0,0.0,4.571428571428571,1,0,0,0,0,0,1,0,0,0,0,0,0,0,0,0,0,0,0,0,1,0,0,0,0,0,0,1,0,0,0,1,0,1,1,1,0,0,1,1,1,1,1,1,1
109870,4.0,4.0,2.0,,3.0,6.0,0.0,0,,0,0.0,4.142857142857143,0,1,0,0,0,1,0,0,0,0,0,0,0,0,0,0,0,0,0,1,0,0,0,0,0,0,0,0,1,0,0,1,1,1,1,1,1,1,1,1,1,1,1,1,1
109877,4.0,4.0,2.0,,,6.0,0.0,0,,0,0.0,3.857142857142857,0,1,0,0,0,1,0,0,0,0,0,0,0,0,0,0,0,0,0,1,0,0,0,0,0,0,0,0,1,0,0,1,1,1,1,1,1,0,1,1,1,1,1,1,1
109958,5.0,5.0,1.0,,2.0,2.0,0.0,0,,0,0.0,4.428571428571429,0,0,0,0,0,1,0,0,0,0,0,0,0,0,0,0,0,0,0,0,1,0,0,0,0,0,0,0,1,0,0,1,0,1,1,1,1,0,1,1,1,1,1,1,1
109989,4.0,4.0,2.0,,4.0,2.0,0.0,0,,0,0.0,4.142857142857143,0,0,0,0,0,1,0,0,0,0,0,0,0,0,0,0,0,0,0,0,1,0,0,0,0,1,0,0,0,0,0,1,1,1,1,1,1,0,1,1,1,1,1,1,1
109991,4.0,4.0,2.0,,,2.0,0.0,0,,0,0.0,4.142857142857143,1,0,0,0,0,1,0,0,0,0,0,0,0,0,0,0,0,0,0,0,1,0,0,0,0,1,0,0,0,0,0,1,1,1,1,1,1,1,1,1,0,1,1,1,1
109994,4.0,5.0,2.0,,,6.0,0.0,0,,1,0.0,4.142857142857143,0,0,0,0,0,1,0,0,0,0,0,0,0,0,0,0,0,0,0,0,1,0,0,0,0,1,0,0,0,0,0,1,1,1,1,1,1,0,1,1,1,1,1,1,1
109998,4.0,3.0,2.0,,4.0,1.0,0.0,0,,0,0.0,4.0,0,0,0,0,0,1,0,0,0,0,0,0,0,0,0,0,0,0,0,0,1,0,0,0,0,0,0,0,0,1,0,1,1,0,1,1,1,0,1,1,1,1,1,1,1
110013,4.0,3.0,2.0,,,4.0,0.0,0,,0,0.0,3.142857142857143,0,1,0,0,0,1,0,0,0,0,0,0,0,0,0,0,0,0,0,1,0,0,0,0,0,1,0,0,0,0,0,0,0,1,1,1,1,1,1,1,1,1,1,1,1
110014,4.0,3.0,3.0,,,6.0,0.0,0,,0,0.0,3.2857142857142856,1,0,0,0,0,1,0,0,0,0,0,0,0,0,0,0,0,0,0,0,1,0,0,0,0,0,1,0,0,0,0,0,0,0,1,1,1,1,1,1,1,1,1,1,1
110015,4.0,3.0,2.0,,,3.0,0.0,0,,0,0.0,3.2857142857142856,1,0,0,0,0,1,0,0,0,0,0,0,0,0,0,0,0,0,0,0,1,0,0,0,0,1,0,0,0,0,0,1,0,1,1,1,1,1,1,1,1,1,1,1,1
110016,4.0,3.0,2.0,,,11.0,0.0,0,,0,0.0,3.5714285714285716,1,0,0,0,0,1,0,0,0,0,0,0,0,0,0,0,0,0,0,0,1,0,0,0,0,1,0,0,0,0,0,1,0,0,0,1,0,1,1,1,1,1,1,1,1
110037,4.0,4.0,2.0,,,2.0,0.0,0,,0,0.0,4.142857142857143,1,1,0,0,0,1,0,0,0,0,0,0,0,0,0,0,0,0,0,1,0,0,0,0,0,0,1,0,0,0,0,1,1,1,1,1,1,1,1,1,1,1,1,1,1
110065,4.0,3.0,3.0,,,10.0,0.0,0,,0,0.0,3.2857142857142856,0,0,0,0,0,1,0,0,0,0,0,0,0,0,0,0,0,0,0,0,1,0,0,0,0,0,0,1,0,0,0,0,0,0,1,1,0,1,1,1,1,1,1,1,1
110098,3.0,4.0,2.0,,2.0,1.0,0.0,0,,0,1.5,4.0,0,0,0,0,0,1,0,0,0,0,0,0,0,0,0,0,0,0,0,0,1,0,0,0,0,1,0,0,0,0,0,1,1,1,1,1,0,1,1,1,1,1,1,1,1
110107,4.0,4.0,2.0,,,10.0,0.0,0,,0,0.0,3.5714285714285716,1,0,0,0,0,1,0,0,0,0,0,0,0,0,0,0,0,0,0,0,1,0,0,0,0,0,0,0,0,0,0,0,0,1,1,1,0,1,1,1,1,1,1,1,1
110118,3.0,3.0,1.0,,,1.0,600.0,1,5.0,0,2.0,3.0,1,1,0,0,0,0,0,0,0,0,1,0,0,0,0,0,0,0,0,1,0,0,0,0,0,1,0,0,0,0,0,1,1,1,1,1,0,0,1,1,1,1,1,1,1
110119,4.0,4.0,2.0,,5.0,5.0,0.0,0,,0,0.0,3.4285714285714284,0,0,0,0,0,0,0,0,0,0,1,0,0,0,0,0,0,0,0,0,1,0,0,0,0,0,0,0,0,1,0,1,1,1,1,1,1,0,1,1,1,1,1,1,1
110137,5.0,5.0,1.0,,,,1080.0,1,5.0,0,0.0,4.714285714285714,1,0,0,0,0,0,0,0,0,0,1,0,0,0,0,0,0,0,0,0,1,0,0,0,0,1,0,0,0,0,0,1,1,1,1,1,1,0,1,1,1,1,1,1,1
110204,4.0,5.0,1.0,,5.0,1.0,0.0,0,,0,0.0,4.0,0,0,0,0,0,0,0,0,0,0,1,0,0,0,0,0,0,0,0,0,1,0,0,0,0,0,0,1,0,0,0,0,0,0,1,1,1,0,1,1,1,1,1,1,1
110222,3.0,3.0,2.0,,,5.0,0.0,0,,0,0.0,3.2857142857142856,1,1,0,0,0,0,0,0,0,0,1,0,0,0,0,0,0,0,0,1,0,0,0,0,0,0,0,1,0,0,0,1,1,1,1,1,1,1,1,1,1,1,1,1,1
110227,4.0,4.0,2.0,,,5.0,0.0,0,,0,0.0,3.4285714285714284,1,1,0,0,0,0,0,0,0,0,1,0,0,0,0,0,0,0,0,1,0,0,0,0,0,1,0,0,0,0,0,0,1,1,1,1,0,1,1,1,0,1,1,1,1
110228,4.0,5.0,1.0,,4.0,5.0,0.0,0,,0,0.0,4.285714285714286,0,0,0,0,0,0,0,0,0,0,1,0,0,0,0,0,0,0,0,0,1,0,0,0,0,0,0,0,0,0,0,1,1,1,1,1,1,0,1,1,1,1,1,1,1
110231,4.0,5.0,1.0,,,3.0,0.0,0,,0,0.0,4.285714285714286,1,0,0,0,0,0,0,0,0,0,1,0,0,0,0,0,0,0,0,0,1,0,0,0,0,0,0,0,0,1,0,0,1,1,0,1,0,0,1,1,1,1,1,0,1
110239,4.0,4.0,2.0,,4.0,,0.0,0,,0,0.0,3.857142857142857,0,0,0,0,0,0,0,0,0,0,1,0,0,0,0,0,0,0,0,0,1,0,0,0,0,0,0,0,0,1,0,1,1,1,1,0,1,1,1,1,1,1,1,1,1
110262,2.0,4.0,2.0,,1.0,,610.0,1,5.0,0,5.0,2.7142857142857144,0,0,0,0,0,0,0,0,0,0,1,0,0,0,0,0,0,0,0,0,1,0,0,0,0,0,0,0,1,0,0,1,0,1,1,1,1,1,1,1,1,1,1,1,1
110280,5.0,4.0,2.0,,,,0.0,0,,0,0.0,4.0,0,0,0,0,0,0,0,0,0,0,1,0,0,0,0,0,0,0,0,0,1,0,0,0,0,0,0,0,1,0,0,1,1,1,1,1,1,0,1,1,1,1,1,1,1
110281,5.0,4.0,2.0,,4.0,1.0,0.0,0,,1,0.0,4.285714285714286,0,0,0,0,0,0,0,1,0,0,0,0,0,0,0,0,0,0,0,0,1,0,0,0,0,0,0,0,1,0,0,1,1,1,1,1,1,0,1,1,1,1,1,1,1
110290,3.0,3.0,1.0,,,1.0,1000.0,1,5.0,0,0.0,1.7142857142857142,1,1,0,0,0,0,0,0,0,0,1,0,0,0,0,0,0,0,0,1,0,0,0,0,0,0,0,1,0,0,0,0,0,1,1,1,0,1,1,1,1,1,1,1,1
110294,4.0,5.0,1.0,,,3.0,0.0,0,,0,0.0,4.285714285714286,0,1,0,0,0,0,0,0,0,0,1,0,0,0,0,0,0,0,0,1,0,0,0,0,0,1,0,0,0,0,0,1,1,1,1,1,1,1,1,1,1,1,1,1,1
110295,4.0,5.0,1.0,,4.0,5.0,0.0,0,,0,0.0,4.285714285714286,0,0,0,0,0,0,0,0,0,0,1,0,0,0,0,0,0,0,0,0,1,0,0,0,0,0,0,0,0,0,0,1,1,1,1,1,0,0,1,1,0,1,1,0,1
110326,5.0,5.0,1.0,,,,0.0,0,,0,0.0,5.0,1,0,0,0,0,0,0,0,0,0,1,0,0,0,0,0,0,0,0,0,1,0,0,0,0,1,0,0,0,0,0,0,0,0,0,1,0,1,0,1,0,0,0,0,0
110328,4.0,4.0,2.0,,,6.0,0.0,0,,0,0.0,3.857142857142857,0,0,0,0,0,0,0,0,0,0,1,0,0,0,0,0,0,0,0,0,1,0,0,0,0,0,0,0,1,0,0,1,1,1,1,1,0,1,1,1,1,1,1,1,1
110364,4.0,4.0,2.0,,,,0.0,0,,0,0.0,3.5714285714285716,0,0,0,0,0,0,0,0,0,0,1,0,0,0,0,0,0,0,0,0,1,0,0,0,0,0,0,0,1,0,0,1,1,1,1,1,1,0,1,1,1,1,1,1,1
110422,4.0,4.0,2.0,,,3.0,0.0,0,,0,0.0,4.285714285714286,0,1,0,0,0,0,0,0,0,0,1,0,0,0,0,0,0,0,0,1,0,0,0,0,0,0,0,1,0,0,0,1,1,1,1,1,1,0,1,1,1,1,1,1,1
110458,4.0,4.0,2.0,800.0,,7.0,0.0,0,,0,0.0,3.7142857142857144,0,1,0,0,0,0,0,0,0,0,1,0,0,0,0,0,0,0,0,1,0,0,0,0,0,1,0,0,0,0,0,1,1,1,1,1,1,0,1,1,1,1,1,1,1
110499,4.0,4.0,2.0,,,1.0,0.0,0,,0,0.0,3.5714285714285716,0,0,0,0,0,0,0,0,0,0,1,0,0,0,0,0,0,0,0,0,1,0,0,0,0,0,0,1,0,0,0,1,1,1,1,1,1,0,1,1,1,1,1,1,1
110511,5.0,5.0,1.0,,,1.0,0.0,0,,0,0.0,4.714285714285714,1,0,0,0,0,0,0,0,0,0,1,0,0,0,0,0,0,0,0,0,1,0,0,0,0,1,0,0,0,0,0,0,1,1,1,1,0,1,1,1,1,1,1,1,1
110530,4.0,4.0,2.0,,4.0,2.0,0.0,0,,0,0.0,3.4285714285714284,1,0,0,0,0,0,0,0,0,0,0,0,0,0,0,0,0,0,1,0,1,0,0,0,0,1,0,0,0,0,0,0,1,1,1,1,1,1,1,1,1,1,1,1,1
110550,4.0,4.0,2.0,,,,1200.0,1,5.0,0,2.0,3.2857142857142856,1,0,0,0,0,0,0,0,0,0,0,0,0,0,0,0,0,0,1,0,1,0,0,0,0,0,0,0,1,0,0,1,1,1,1,1,0,0,1,1,1,1,1,1,1
110605,4.0,4.0,2.0,,1.0,2.0,0.0,0,,0,0.0,4.0,0,1,0,0,0,0,0,0,0,0,0,0,0,0,0,0,0,0,1,1,0,0,0,0,0,1,0,0,0,0,0,1,1,1,1,1,1,0,1,1,1,1,1,1,1
110630,4.0,4.0,1.0,,,,0.0,0,,0,0.0,3.142857142857143,1,0,0,0,0,0,0,0,0,0,0,0,0,0,0,0,0,1,0,0,1,0,0,0,0,0,0,1,0,0,0,1,1,1,1,1,1,0,0,1,1,1,1,1,1
110640,4.0,4.0,2.0,,,1.0,0.0,0,,0,0.0,4.0,1,0,0,0,0,0,0,0,0,0,0,0,0,0,0,0,0,0,1,0,1,0,0,0,0,0,0,1,0,0,0,1,1,1,1,1,1,0,1,1,1,1,1,1,1
110683,4.0,4.0,2.0,,,,0.0,0,,0,0.0,3.4285714285714284,1,0,0,0,0,0,0,0,0,0,0,0,0,0,0,0,0,0,1,0,1,0,0,0,0,0,0,1,0,0,0,1,1,0,1,1,1,1,1,1,1,1,1,1,1
110753,4.0,4.0,2.0,,,4.0,0.0,0,,0,0.0,3.5714285714285716,0,1,0,0,0,0,0,0,0,0,0,0,0,0,0,0,0,0,1,1,0,0,0,0,0,0,0,0,1,0,0,1,0,1,1,1,1,1,1,1,1,1,1,1,1
110760,4.0,4.0,2.0,,,1.0,0.0,0,,0,0.0,3.5714285714285716,0,0,1,0,0,0,0,0,0,0,0,0,0,0,0,0,0,0,0,0,1,0,0,0,0,0,0,1,0,0,0,1,1,0,1,1,1,1,1,1,1,1,1,1,1
110768,4.0,5.0,1.0,,,6.0,0.0,0,,0,0.0,4.428571428571429,1,0,0,0,0,0,0,0,0,0,0,0,0,0,0,0,0,1,0,0,1,0,0,0,0,0,0,0,1,0,0,1,0,1,1,1,0,1,1,1,1,1,1,1,1
110869,4.0,4.0,2.0,,2.0,3.0,0.0,0,,1,2.0,3.7142857142857144,1,0,0,1,0,0,0,0,0,0,0,0,0,0,0,0,0,0,0,0,1,0,0,0,0,0,0,0,0,1,0,0,1,1,1,1,1,1,1,1,1,1,1,1,1
110895,4.0,4.0,2.0,,,,0.0,0,,1,0.0,3.5714285714285716,1,0,0,0,0,0,0,0,0,0,0,0,0,0,0,0,1,0,0,0,1,0,0,0,0,0,0,0,1,0,0,0,0,0,1,1,1,1,1,1,1,1,1,1,1
110896,4.0,4.0,2.0,,2.0,2.0,0.0,0,,1,2.0,4.0,1,1,0,0,0,0,0,0,0,0,0,0,0,1,0,0,0,0,0,1,0,0,0,0,0,1,0,0,0,0,0,0,1,1,1,1,1,1,1,1,1,1,1,1,1
110934,4.0,3.0,2.0,,2.0,2.0,0.0,0,,1,0.0,4.0,1,0,0,0,0,0,0,0,1,0,0,0,0,0,0,0,0,0,0,0,1,0,0,0,0,0,0,0,0,1,0,0,1,0,1,1,1,0,1,1,1,1,1,1,1
110974,4.0,4.0,1.0,3000.0,,1.0,0.0,0,,1,2.0,3.857142857142857,1,0,0,0,0,0,0,0,0,0,0,0,0,0,0,0,1,0,0,0,1,0,0,0,0,1,0,0,0,0,0,1,1,1,1,1,1,1,1,1,1,1,1,1,1
110983,4.0,3.0,1.0,,6.0,8.0,0.0,0,,1,0.0,3.5714285714285716,0,0,0,0,0,0,0,0,0,0,0,0,0,1,0,0,0,0,0,0,1,0,0,0,0,0,0,1,0,0,0,0,0,1,1,1,1,1,0,1,1,1,1,1,1
110990,4.0,4.0,2.0,,4.0,2.0,0.0,0,,1,0.0,3.5714285714285716,0,0,0,0,0,0,0,0,0,0,0,0,0,1,0,0,0,0,0,0,1,0,0,0,0,0,0,1,0,0,0,1,1,1,1,1,1,0,1,1,0,1,1,1,1
110991,4.0,4.0,1.0,,,1.0,1700.0,1,1.0,0,0.0,4.142857142857143,1,0,0,0,0,0,0,0,0,0,0,0,0,0,0,1,0,0,0,0,1,0,0,0,0,0,0,0,1,0,0,1,1,1,1,1,0,0,1,1,0,1,1,1,1
110996,3.0,4.0,1.0,,,,0.0,0,,1,0.0,3.857142857142857,1,0,0,0,0,0,0,0,0,0,0,0,0,0,0,0,1,0,0,0,1,0,0,0,0,0,0,0,0,0,0,0,1,1,1,1,1,0,0,1,1,1,1,1,1
110998,4.0,4.0,2.0,,,,960.0,1,2.0,0,0.0,3.2857142857142856,1,0,0,0,0,0,0,0,0,0,0,0,0,0,0,0,1,0,0,0,1,0,0,0,0,0,0,0,0,0,1,1,1,1,1,1,1,0,0,1,1,1,1,1,1
111004,4.0,4.0,1.0,,4.0,,0.0,0,,1,0.0,4.0,0,0,0,0,0,0,0,0,0,0,0,0,0,0,0,0,1,0,0,0,1,0,0,0,0,0,0,0,0,0,1,1,1,1,1,1,1,0,0,1,1,1,1,1,1
111011,4.0,4.0,2.0,,,,0.0,0,,1,0.0,3.2857142857142856,0,0,0,0,0,0,0,0,0,0,0,0,0,0,0,0,1,0,0,0,1,0,0,0,0,0,0,0,0,0,0,0,1,1,1,1,1,1,1,1,1,1,1,1,1
111033,4.0,4.0,2.0,,,,0.0,0,,0,1.5,4.285714285714286,1,0,0,0,0,0,0,0,0,0,0,0,0,0,0,0,1,0,0,0,1,0,0,0,0,0,0,0,0,0,0,1,1,1,1,1,0,0,1,1,1,1,1,1,1
111042,4.0,4.0,2.0,,,1.0,0.0,0,,0,1.6666666666666667,4.0,1,0,0,0,0,1,0,0,0,0,0,0,0,0,0,0,0,0,0,0,1,0,0,0,0,0,0,1,0,0,0,0,0,0,1,1,0,1,0,1,0,1,1,1,1
111045,3.0,3.0,2.0,,,3.0,0.0,0,,0,0.0,2.857142857142857,1,0,0,0,0,0,0,0,0,1,0,0,0,0,0,0,0,0,0,0,1,0,0,0,0,0,0,0,0,0,0,0,1,1,1,1,0,0,1,1,1,1,1,1,1
111051,4.0,4.0,1.0,,,2.0,0.0,0,,0,0.0,3.4285714285714284,1,0,0,0,0,0,0,0,0,0,0,0,0,0,0,0,1,0,0,0,1,0,0,0,0,1,0,0,0,0,0,0,0,1,1,1,0,1,1,1,1,1,1,1,1
111052,4.0,4.0,2.0,,,2.0,0.0,0,,0,0.0,3.142857142857143,1,0,0,0,0,0,0,0,0,0,0,0,0,0,0,0,1,0,0,0,1,0,0,0,0,1,0,0,0,0,0,0,0,1,1,1,0,1,1,1,1,1,1,1,1
111056,4.0,4.0,1.0,,,,0.0,0,,0,4.0,3.5714285714285716,1,0,0,1,0,0,0,0,0,0,0,0,0,0,0,0,0,0,0,0,1,0,0,0,0,0,0,0,1,0,0,0,0,1,1,1,0,0,1,1,1,1,1,1,1
111057,3.0,4.0,2.0,,,2.0,0.0,0,,0,0.0,3.7142857142857144,1,0,0,0,0,0,0,0,0,0,0,0,0,0,0,0,1,0,0,0,1,0,0,0,0,1,0,0,0,0,0,0,1,1,1,1,1,1,1,1,1,1,1,1,1
111072,3.0,2.0,2.0,,4.0,3.0,0.0,0,,0,0.0,3.0,0,1,0,0,0,0,0,0,0,0,0,0,0,1,0,0,0,0,0,1,0,0,0,0,0,0,0,0,1,0,0,0,1,1,1,1,1,0,1,1,1,1,1,1,1
111075,4.0,5.0,2.0,,4.0,2.0,0.0,0,,0,0.0,4.857142857142857,0,0,0,0,0,0,0,0,0,0,0,0,0,0,0,0,1,0,0,0,1,0,0,0,0,0,0,0,1,0,0,1,0,1,1,1,1,1,1,1,0,1,0,1,1
111109,4.0,4.0,2.0,,,5.0,0.0,0,,0,0.0,3.7142857142857144,1,0,0,0,0,0,0,0,0,0,0,0,0,0,0,0,1,0,0,0,1,0,0,0,0,0,0,0,0,0,0,1,0,1,1,1,1,1,1,1,0,1,1,1,1
111110,4.0,4.0,1.0,,,,0.0,0,,1,0.0,3.5714285714285716,1,0,0,0,0,0,0,0,0,0,0,0,0,1,0,0,0,0,0,0,1,0,0,0,0,0,0,0,0,0,1,1,1,1,1,1,1,0,0,1,1,1,1,1,1
111140,4.0,4.0,2.0,,,6.0,0.0,0,,0,0.0,4.0,1,0,0,0,0,0,0,0,0,0,0,0,0,0,0,1,0,0,0,0,1,0,0,0,0,1,0,0,0,0,0,0,0,1,1,1,1,0,1,1,1,1,1,1,1
111187,4.0,4.0,4.0,,,3.0,0.0,0,,0,0.0,4.0,0,0,0,0,0,0,0,0,0,0,0,0,0,0,0,0,1,0,0,0,1,0,0,0,0,0,0,0,0,0,0,1,1,1,1,1,1,0,1,1,1,1,1,1,1
111189,5.0,4.0,2.0,,,2.0,800.0,1,6.0,0,0.0,4.285714285714286,0,0,0,0,0,0,0,0,0,0,0,0,0,0,0,0,1,0,0,0,1,0,0,0,0,0,0,0,1,0,0,1,1,1,1,1,1,0,1,1,1,1,1,1,1
111190,4.0,5.0,2.0,,,8.0,0.0,0,,0,0.0,4.0,1,0,0,0,0,0,0,0,0,0,0,0,0,0,0,0,1,0,0,0,1,0,0,0,0,0,1,0,0,0,0,1,1,1,1,1,0,0,1,1,1,1,1,1,1
111205,4.0,4.0,2.0,,,1.0,0.0,0,,0,0.0,3.5714285714285716,1,0,0,0,0,0,0,0,0,0,0,0,0,0,0,0,1,0,0,0,1,0,0,0,0,1,0,0,0,0,0,0,1,1,1,1,1,1,1,1,1,1,1,1,1
111235,3.0,4.0,2.0,,,2.0,0.0,0,,1,0.0,2.857142857142857,1,1,0,0,0,0,0,0,0,0,0,0,0,0,0,0,1,0,0,1,0,0,0,0,0,0,0,0,0,0,0,1,1,1,1,1,1,1,1,1,0,1,1,1,1
111238,4.0,4.0,2.0,,,2.0,0.0,0,,0,0.0,3.4285714285714284,1,1,0,0,0,0,0,0,0,0,0,0,0,0,0,0,1,0,0,1,0,0,0,0,0,0,0,0,0,0,0,1,1,1,1,1,1,0,0,1,1,1,1,1,1
111259,4.0,4.0,2.0,,,2.0,0.0,0,,0,0.0,3.4285714285714284,0,0,0,0,0,0,0,0,0,0,0,0,0,0,0,0,1,0,0,0,1,0,0,0,0,0,0,0,0,0,0,0,1,0,1,1,1,0,1,1,1,1,1,1,1
111263,4.0,4.0,1.0,,8.0,6.0,0.0,0,,0,0.0,3.5714285714285716,0,0,0,0,0,0,0,0,0,0,0,0,0,0,0,0,1,0,0,0,1,0,0,0,0,0,0,0,1,0,0,0,0,0,1,1,0,0,1,1,1,1,1,1,1
111295,3.0,3.0,2.0,900.0,,1.0,0.0,1,4.0,1,0.0,3.5714285714285716,1,0,0,1,0,0,0,0,0,0,0,0,0,0,0,0,0,0,0,0,1,0,0,0,0,0,1,0,0,0,0,1,1,1,1,1,1,0,1,1,1,1,1,1,1
111309,5.0,5.0,1.0,,,2.0,0.0,0,,0,0.0,5.0,1,1,1,0,0,0,0,0,0,0,0,0,0,0,0,0,0,0,0,1,0,0,0,0,0,0,0,0,0,1,0,0,1,0,1,1,1,0,1,1,1,1,1,1,1
111310,5.0,5.0,3.0,,,1.0,600.0,1,2.0,0,0.0,3.142857142857143,0,0,0,0,0,0,0,0,0,0,0,0,0,1,0,0,0,0,0,0,1,0,0,0,0,0,1,0,0,0,0,0,1,1,1,1,1,0,1,1,1,1,1,1,1
111322,4.0,4.0,2.0,,6.0,,0.0,0,,0,0.0,3.5714285714285716,0,0,0,0,0,0,0,0,0,0,0,0,0,0,0,0,1,0,0,0,1,0,0,0,0,1,0,0,0,0,0,0,0,1,1,1,1,0,1,1,1,1,1,1,1
111327,4.0,4.0,2.0,,2.0,1.0,1152.0,1,5.0,0,0.0,3.2857142857142856,1,1,0,0,0,0,0,0,0,0,0,0,0,1,0,0,0,0,0,1,0,0,0,0,0,0,0,1,0,0,0,0,0,1,1,1,1,0,1,1,1,1,1,1,1
111356,4.0,4.0,3.0,,,,0.0,0,,1,0.0,3.7142857142857144,0,0,0,0,0,0,0,0,0,0,0,0,0,0,0,0,1,0,0,0,1,0,0,0,0,0,0,1,0,0,0,1,1,1,1,1,1,0,0,1,1,1,1,1,1
111362,4.0,4.0,2.0,,,5.0,0.0,0,,0,0.0,3.857142857142857,1,1,0,0,0,0,0,0,0,1,0,0,0,0,0,0,0,0,0,1,0,0,0,0,0,1,0,0,0,0,0,1,1,1,1,1,1,0,1,1,1,1,1,1,1
111420,3.0,3.0,3.0,,,8.0,0.0,0,,0,0.0,3.5714285714285716,0,0,0,0,0,0,0,0,0,0,1,0,0,0,0,0,0,0,0,0,1,0,0,0,0,0,0,0,0,0,0,1,1,1,1,1,1,0,1,1,1,1,1,1,1
111464,3.0,3.0,2.0,,,12.0,0.0,0,,0,0.0,3.0,0,0,0,0,0,0,0,0,0,0,1,0,0,0,0,0,0,0,0,0,1,0,0,0,0,0,0,1,0,0,0,1,1,1,1,1,1,0,0,1,1,1,1,1,1
111465,4.0,4.0,1.0,,,1.0,0.0,0,,0,0.0,4.0,0,0,0,0,0,0,0,0,0,0,0,0,0,0,1,0,0,0,0,0,1,0,0,0,0,0,0,0,0,0,1,1,1,1,1,1,1,0,1,1,1,1,1,1,1
111578,4.0,5.0,2.0,,,2.0,0.0,0,,0,0.0,4.142857142857143,1,1,0,0,0,0,0,0,0,1,0,0,0,0,0,0,0,0,0,1,0,0,0,0,0,1,0,0,0,0,0,0,0,0,1,1,0,0,1,1,1,1,1,1,1
111660,4.0,4.0,2.0,,,5.0,0.0,0,,0,0.0,4.0,1,0,0,1,0,0,0,0,0,0,0,0,0,0,0,0,0,0,0,0,1,0,0,0,0,0,0,1,0,0,0,1,1,1,1,1,1,0,1,1,1,1,1,1,1
111723,3.0,3.0,1.0,,,12.0,0.0,0,,0,0.0,3.142857142857143,0,0,0,0,0,0,0,0,0,1,0,0,0,0,0,0,0,0,0,0,1,0,0,0,0,0,0,1,0,0,0,1,0,0,1,1,1,0,0,1,1,1,1,1,1
111784,3.0,3.0,2.0,,,2.0,0.0,0,,0,0.0,2.7142857142857144,0,1,0,0,0,0,0,0,0,0,0,0,0,0,1,0,0,0,0,1,0,0,0,0,0,0,0,0,0,1,0,1,1,1,1,1,1,0,1,1,1,1,1,1,1
111965,4.0,4.0,2.0,,,8.0,0.0,0,,0,0.0,4.142857142857143,0,0,0,0,0,0,0,0,0,0,0,0,0,0,1,0,0,0,0,0,1,0,0,0,0,0,0,0,1,0,0,1,1,1,1,1,1,0,1,1,1,1,1,1,1
112002,4.0,4.0,2.0,,4.0,2.0,0.0,0,,1,0.0,3.857142857142857,0,0,0,0,0,0,0,0,0,0,0,0,0,0,0,0,1,0,0,0,1,0,0,0,0,0,0,0,1,0,0,0,0,0,1,1,0,1,1,1,1,1,1,1,1
112028,4.0,3.0,1.0,,,2.0,0.0,0,,1,0.0,3.7142857142857144,1,0,0,0,0,0,0,0,0,0,0,0,0,0,0,0,0,0,0,0,1,0,0,0,0,0,0,1,0,0,0,0,0,1,1,1,1,0,0,1,1,1,1,1,1
112032,3.0,3.0,2.0,,,,0.0,1,6.0,1,0.0,3.2857142857142856,1,1,0,0,0,0,0,0,0,0,0,0,0,0,0,0,0,0,0,1,0,0,0,0,0,0,0,0,0,1,0,1,1,1,1,1,1,0,1,1,0,1,1,1,1
112059,4.0,4.0,2.0,,8.0,1.0,0.0,0,,0,0.0,4.0,0,0,0,0,0,0,0,0,0,0,0,0,0,0,0,0,0,0,0,0,1,0,0,0,0,1,0,0,0,0,0,0,1,1,1,1,1,1,1,1,1,1,1,1,1
112089,4.0,4.0,1.0,,,,0.0,0,,1,0.0,4.0,1,0,0,0,0,0,0,0,0,0,0,0,0,0,0,0,0,0,0,0,1,0,0,0,0,1,0,0,0,0,0,1,1,1,1,1,1,0,1,1,1,1,1,1,1
112134,4.0,3.0,1.0,,2.0,6.0,2000.0,1,0.0,0,0.0,3.5714285714285716,1,0,0,0,0,0,0,0,0,0,0,0,0,0,0,0,0,0,0,0,1,0,0,0,0,0,0,1,0,0,0,0,1,1,1,1,0,1,1,1,1,1,1,1,1
112166,4.0,4.0,2.0,,,,0.0,0,,0,0.0,3.857142857142857,1,0,0,0,0,0,0,0,0,0,0,0,0,0,0,0,0,0,0,0,1,0,0,0,0,0,0,0,0,1,0,0,0,0,1,1,1,0,0,1,1,1,1,1,1
112210,3.0,4.0,2.0,,2.0,2.0,500.0,1,2.0,0,8.0,3.142857142857143,1,0,1,0,0,0,0,0,0,0,0,0,0,0,0,0,0,0,0,0,1,0,0,0,0,0,0,1,0,0,0,0,1,1,1,1,1,1,1,1,0,1,1,1,1
